FS_COMPARE_BENCH	4
DRIVE	DH1:
SMALL_CREATE_40_US	29760
LOOKUP_400_US	79551
SMALL_READ_40_US	18880
LIST_EXNEXT_400_US	45888
LIST_EXALL_400_US	10240
SEQ_WRITE_8M_US	48319
SEQ_READ_8M_US	396284
SMALL_DELETE_40_US	18112
APPEND_4K_1M_US	72833
APPEND_1K_256K_US	60288
APPEND_READ_1280K_US	43776
LIST_EXNEXT_40_ENTRIES_FIRST_PASS_US	5952
LIST_EXNEXT_40_ENTRIES_REPEAT10_TOTAL_US	33983
LIST_EXALL_40_ENTRIES_FIRST_PASS_US	5017
LIST_EXALL_40_ENTRIES_REPEAT10_TOTAL_US	12780
LIST_EXNEXT_400_ENTRIES_FIRST_PASS_US	82879
LIST_EXNEXT_400_ENTRIES_REPEAT10_TOTAL_US	637565
LIST_EXALL_400_ENTRIES_FIRST_PASS_US	35071
LIST_EXALL_400_ENTRIES_REPEAT10_TOTAL_US	340031
LIST_EXNEXT_1000_ENTRIES_FIRST_PASS_US	146176
LIST_EXNEXT_1000_ENTRIES_REPEAT10_TOTAL_US	1472504
LIST_EXALL_1000_ENTRIES_FIRST_PASS_US	87040
LIST_EXALL_1000_ENTRIES_REPEAT10_TOTAL_US	858684
PASS	1
