Inventory mode: historical pilots only; required=10. No valid-run filtering is applied.
VERIFIED	cache-capacity-20261008-b30-1-bfs-first	mode=compare	schema=4	de_NumBuffers=30
VERIFIED	cache-capacity-20261008-b30-2-pfs3-first	mode=compare	schema=4	de_NumBuffers=30
VERIFIED	cache-capacity-20261008-b64-1-bfs-first	mode=compare	schema=4	de_NumBuffers=64
VERIFIED	cache-capacity-20261008-b64-2-pfs3-first	mode=compare	schema=4	de_NumBuffers=64
VERIFIED	cache-capacity-20261008-b128-1-bfs-first	mode=compare	schema=4	de_NumBuffers=128
VERIFIED	cache-capacity-20261008-b128-2-pfs3-first	mode=compare	schema=4	de_NumBuffers=128
VERIFIED	leaf-range-pilot-20261008-m3-1-bfs-first	mode=compare	schema=4	de_NumBuffers=30
VERIFIED	leaf-range-pilot-20261008-m3-2-pfs3-first	mode=compare	schema=4	de_NumBuffers=30
VERIFIED	leaf-range-pilot-20261008-range-1-bfs-first	mode=compare	schema=4	de_NumBuffers=30
VERIFIED	leaf-range-pilot-20261008-range-2-pfs3-first	mode=compare	schema=4	de_NumBuffers=30

Historical pilot summaries are exploratory and are not qualification evidence.

== Historical cache-capacity pilot, de_NumBuffers=30 (2 required runs; no run filtering)
phase	BFS_mean_us	BFS_CV_pct	PFS3_mean_us	PFS3_CV_pct	ratio_of_means	run_ratio_min	run_ratio_max	run_ratio_median	over_5x
SMALL_CREATE_40	28831.50	0.79	16511.50	0.00	1.7461	1.7365	1.7558	1.7461	0/2
LOOKUP_400	74431.50	0.85	66847.50	0.47	1.1135	1.1031	1.1239	1.1135	0/2
SMALL_READ_40	19679.50	1.15	14016.00	3.87	1.4041	1.3556	1.4553	1.4054	0/2
LIST_EXNEXT_400	30144.00	0.90	12447.00	1.09	2.4218	2.4186	2.4251	2.4218	0/2
LIST_EXALL_400	8607.50	0.53	2527.50	1.82	3.4055	3.3750	3.4369	3.4059	0/2
SEQ_WRITE_8M	45055.50	23.71	41119.50	8.03	1.0957	0.9670	1.2106	1.0888	0/2
SEQ_READ_8M	278261.00	10.45	291423.00	8.25	0.9548	0.8356	1.0888	0.9622	0/2
SMALL_DELETE_40	17472.00	2.07	8064.00	1.12	2.1667	2.1181	2.2160	2.1671	0/2
APPEND_4K_1M	70910.50	1.02	38239.50	9.35	1.8544	1.7520	1.9713	1.8616	0/2
APPEND_1K_256K	58495.50	0.47	27350.50	16.33	2.1387	1.9236	2.4100	2.1668	0/2
APPEND_READ_1280K	43389.50	2.51	40894.50	2.66	1.0610	1.0599	1.0621	1.0610	0/2
LIST_EXNEXT_40_ENTRIES_FIRST_PASS	6111.50	2.23	1632.50	8.27	3.7436	3.5926	3.9135	3.7530	0/2
LIST_EXNEXT_40_ENTRIES_REPEAT10_TOTAL	31392.50	1.01	13407.50	15.17	2.3414	2.0994	2.6416	2.3705	0/2
LIST_EXALL_40_ENTRIES_FIRST_PASS	3711.50	4.90	544.50	8.44	6.8163	6.6551	6.9980	6.8266	2/2
LIST_EXALL_40_ENTRIES_REPEAT10_TOTAL	9280.00	3.89	2432.50	3.75	3.8150	3.8112	3.8186	3.8149	0/2
LIST_EXNEXT_400_ENTRIES_FIRST_PASS	60640.50	1.72	15647.50	24.00	3.8754	3.2730	4.7241	3.9985	0/2
LIST_EXNEXT_400_ENTRIES_REPEAT10_TOTAL	627517.50	1.69	122847.00	8.66	5.1081	4.8709	5.3763	5.1236	1/2
LIST_EXALL_400_ENTRIES_FIRST_PASS	40334.00	2.20	2848.50	1.56	14.1597	14.0951	14.2229	14.1590	2/2
LIST_EXALL_400_ENTRIES_REPEAT10_TOTAL	392030.00	3.52	20928.00	2.16	18.7323	17.9909	19.4967	18.7438	2/2
LIST_EXNEXT_1000_ENTRIES_FIRST_PASS	158879.50	3.33	31040.00	0.00	5.1185	4.9979	5.2391	5.1185	1/2
LIST_EXNEXT_1000_ENTRIES_REPEAT10_TOTAL	1745622.00	4.25	286526.50	3.03	6.0924	6.0386	6.1439	6.0912	2/2
LIST_EXALL_1000_ENTRIES_FIRST_PASS	102624.00	0.13	8299.00	33.04	12.3658	10.0145	16.1509	13.0827	2/2
LIST_EXALL_1000_ENTRIES_REPEAT10_TOTAL	1032538.00	0.82	71488.00	39.75	14.4435	11.3396	19.9750	15.6573	2/2

== Historical cache-capacity pilot, de_NumBuffers=64 (2 required runs; no run filtering)
phase	BFS_mean_us	BFS_CV_pct	PFS3_mean_us	PFS3_CV_pct	ratio_of_means	run_ratio_min	run_ratio_max	run_ratio_median	over_5x
SMALL_CREATE_40	32607.00	2.08	21564.50	25.16	1.5121	1.2648	1.8663	1.5656	0/2
LOOKUP_400	78559.50	2.36	81663.50	21.72	0.9620	0.8478	1.1176	0.9827	0/2
SMALL_READ_40	20096.00	1.35	16544.00	19.42	1.2147	1.0782	1.3946	1.2364	0/2
LIST_EXNEXT_400	31200.00	4.79	16096.00	35.71	1.9384	1.4952	2.6809	2.0881	0/2
LIST_EXALL_400	8639.00	2.10	3478.50	40.72	2.4835	1.9569	3.4360	2.6965	0/2
SEQ_WRITE_8M	47958.00	11.82	43072.00	7.78	1.1134	0.9672	1.2767	1.1219	0/2
SEQ_READ_8M	301438.00	13.12	269630.00	6.38	1.1180	0.9705	1.2794	1.1249	0/2
SMALL_DELETE_40	17152.50	1.05	7872.00	1.15	2.1789	2.1453	2.2131	2.1792	0/2
APPEND_4K_1M	72255.50	3.88	35489.00	2.93	2.0360	2.0220	2.0494	2.0357	0/2
APPEND_1K_256K	59712.00	1.52	23296.50	2.72	2.5631	2.5417	2.5854	2.5636	0/2
APPEND_READ_1280K	44999.50	0.58	41023.00	0.44	1.0969	1.0959	1.0980	1.0969	0/2
LIST_EXNEXT_40_ENTRIES_FIRST_PASS	6176.50	3.65	1694.00	2.67	3.6461	3.6203	3.6709	3.6456	0/2
LIST_EXNEXT_40_ENTRIES_REPEAT10_TOTAL	32478.00	7.38	14560.00	24.56	2.2306	1.8013	2.8404	2.3209	0/2
LIST_EXALL_40_ENTRIES_FIRST_PASS	4895.50	26.79	671.00	6.96	7.2958	5.6364	9.1270	7.3817	2/2
LIST_EXALL_40_ENTRIES_REPEAT10_TOTAL	11638.50	32.55	2558.50	3.51	4.5490	3.4172	5.7383	4.5778	1/2
LIST_EXNEXT_400_ENTRIES_FIRST_PASS	75071.50	32.79	13247.00	0.00	5.6671	4.3529	6.9812	5.6671	1/2
LIST_EXNEXT_400_ENTRIES_REPEAT10_TOTAL	610076.00	6.08	113110.00	1.15	5.3937	5.1203	5.6714	5.3959	2/2
LIST_EXALL_400_ENTRIES_FIRST_PASS	40683.50	3.40	3008.50	6.04	13.5229	13.2808	13.7865	13.5336	2/2
LIST_EXALL_400_ENTRIES_REPEAT10_TOTAL	350302.00	6.34	20640.00	1.54	16.9720	16.0359	17.9287	16.9823	2/2
LIST_EXNEXT_1000_ENTRIES_FIRST_PASS	160747.50	2.69	31360.00	5.77	5.1259	4.8313	5.4455	5.1384	1/2
LIST_EXNEXT_1000_ENTRIES_REPEAT10_TOTAL	1748598.00	1.09	283678.00	2.12	6.1640	6.1196	6.2098	6.1647	2/2
LIST_EXALL_1000_ENTRIES_FIRST_PASS	118975.00	29.59	9088.00	35.84	13.0914	8.2591	21.2043	14.7317	2/2
LIST_EXALL_1000_ENTRIES_REPEAT10_TOTAL	1097305.00	4.66	58624.00	19.61	18.7177	16.9800	21.0147	18.9973	2/2

== Historical cache-capacity pilot, de_NumBuffers=128 (2 required runs; no run filtering)
phase	BFS_mean_us	BFS_CV_pct	PFS3_mean_us	PFS3_CV_pct	ratio_of_means	run_ratio_min	run_ratio_max	run_ratio_median	over_5x
SMALL_CREATE_40	29216.50	3.26	17197.50	3.84	1.6989	1.6158	1.7866	1.7012	0/2
LOOKUP_400	75030.00	0.56	78624.00	22.28	0.9543	0.8277	1.1282	0.9780	0/2
SMALL_READ_40	20160.50	3.59	15168.00	13.72	1.3291	1.2424	1.4345	1.3385	0/2
LIST_EXNEXT_400	31423.50	4.61	11999.00	0.39	2.6188	2.5405	2.6967	2.6186	0/2
LIST_EXALL_400	8479.00	0.55	3040.00	7.44	2.7891	2.6600	2.9326	2.7963	0/2
SEQ_WRITE_8M	39711.50	1.25	54944.00	35.01	0.7228	0.5845	0.9520	0.7683	0/2
SEQ_READ_8M	268446.00	4.16	271678.00	2.03	0.9881	0.9730	1.0028	0.9879	0/2
SMALL_DELETE_40	17343.50	1.05	7872.00	0.00	2.2032	2.1869	2.2195	2.2032	0/2
APPEND_4K_1M	75465.00	8.16	33060.50	2.08	2.2826	2.1831	2.3793	2.2812	0/2
APPEND_1K_256K	71136.00	21.95	23493.00	1.50	3.0280	2.5311	3.5355	3.0333	0/2
APPEND_READ_1280K	50752.00	24.79	43359.50	9.29	1.1705	1.0332	1.2909	1.1620	0/2
LIST_EXNEXT_40_ENTRIES_FIRST_PASS	6336.00	0.02	2624.00	44.84	2.4146	1.8330	3.5363	2.6847	0/2
LIST_EXNEXT_40_ENTRIES_REPEAT10_TOTAL	31327.50	0.44	12287.50	5.89	2.5495	2.4401	2.6685	2.5543	0/2
LIST_EXALL_40_ENTRIES_FIRST_PASS	3872.00	5.88	543.50	8.20	7.1242	6.4539	7.8770	7.1654	2/2
LIST_EXALL_40_ENTRIES_REPEAT10_TOTAL	9087.50	0.01	2870.00	19.41	3.1664	2.7840	3.6704	3.2272	0/2
LIST_EXNEXT_400_ENTRIES_FIRST_PASS	59488.00	2.21	12609.50	0.72	4.7177	4.6679	4.7670	4.7175	0/2
LIST_EXNEXT_400_ENTRIES_REPEAT10_TOTAL	408349.50	14.75	112799.50	0.76	3.6201	3.2252	4.0194	3.6223	0/2
LIST_EXALL_400_ENTRIES_FIRST_PASS	42143.00	15.79	2912.00	10.88	14.4722	13.9282	14.9385	14.4333	2/2
LIST_EXALL_400_ENTRIES_REPEAT10_TOTAL	175990.00	2.25	20606.50	0.44	8.5405	8.4303	8.6500	8.5402	2/2
LIST_EXNEXT_1000_ENTRIES_FIRST_PASS	165501.50	1.48	34111.50	5.57	4.8518	4.7167	4.9980	4.8573	0/2
LIST_EXNEXT_1000_ENTRIES_REPEAT10_TOTAL	1565527.50	2.08	280862.50	0.98	5.5740	5.5303	5.6171	5.5737	2/2
LIST_EXALL_1000_ENTRIES_FIRST_PASS	97375.50	3.95	6784.00	12.01	14.3537	12.8607	16.1237	14.4922	2/2
LIST_EXALL_1000_ENTRIES_REPEAT10_TOTAL	910458.00	3.43	50175.50	1.99	18.1455	17.9576	18.3282	18.1429	2/2

== Historical leaf-range pilot, variant=m3 (candidate cc77 superseded) (2 required runs; no run filtering)
phase	BFS_mean_us	BFS_CV_pct	PFS3_mean_us	PFS3_CV_pct	ratio_of_means	run_ratio_min	run_ratio_max	run_ratio_median	over_5x
SMALL_CREATE_40	37215.50	14.47	17919.50	7.07	2.0768	1.9624	2.1803	2.0714	0/2
LOOKUP_400	77471.50	0.99	66719.50	0.20	1.1612	1.1513	1.1710	1.1612	0/2
SMALL_READ_40	20480.00	6.63	14080.50	3.86	1.4545	1.3495	1.5654	1.4574	0/2
LIST_EXNEXT_400	34143.50	14.45	12255.50	0.38	2.7860	2.4947	3.0788	2.7867	0/2
LIST_EXALL_400	11391.50	32.57	2496.00	0.06	4.5639	3.5114	5.6172	4.5643	1/2
SEQ_WRITE_8M	39871.50	5.22	41152.50	0.44	0.9689	0.9302	1.0078	0.9690	0/2
SEQ_READ_8M	290846.50	6.71	278461.50	8.52	1.0445	1.0319	1.0587	1.0453	0/2
SMALL_DELETE_40	17174.00	0.71	8512.50	8.51	2.0175	1.9125	2.1360	2.0242	0/2
APPEND_4K_1M	70912.00	2.68	47968.00	43.30	1.4783	1.1532	2.0904	1.6218	0/2
APPEND_1K_256K	60288.50	1.05	29472.00	29.33	2.0456	1.7069	2.5616	2.1343	0/2
APPEND_READ_1280K	46751.50	11.71	41247.50	2.30	1.1334	1.0568	1.2076	1.1322	0/2
LIST_EXNEXT_40_ENTRIES_FIRST_PASS	6656.00	2.70	1759.50	2.45	3.7829	3.7762	3.7894	3.7828	0/2
LIST_EXNEXT_40_ENTRIES_REPEAT10_TOTAL	32021.00	0.18	12344.00	1.39	2.5941	2.5722	2.6164	2.5943	0/2
LIST_EXALL_40_ENTRIES_FIRST_PASS	3905.00	0.00	545.00	8.30	7.1651	6.7678	7.6121	7.1899	2/2
LIST_EXALL_40_ENTRIES_REPEAT10_TOTAL	9214.50	0.97	2496.50	0.03	3.6910	3.6648	3.7171	3.6910	0/2
LIST_EXNEXT_400_ENTRIES_FIRST_PASS	65856.00	2.34	12928.00	2.81	5.0941	4.9122	5.2832	5.0977	1/2
LIST_EXNEXT_400_ENTRIES_REPEAT10_TOTAL	664882.50	3.85	112416.00	0.93	5.9145	5.7159	6.1157	5.9158	2/2
LIST_EXALL_400_ENTRIES_FIRST_PASS	42272.00	8.67	3232.00	15.40	13.0792	12.5181	13.7774	13.1478	2/2
LIST_EXALL_400_ENTRIES_REPEAT10_TOTAL	441981.50	6.10	20447.50	0.22	21.6154	20.6499	22.5841	21.6170	2/2
LIST_EXNEXT_1000_ENTRIES_FIRST_PASS	169119.00	6.82	31936.50	1.99	5.2955	4.9702	5.6300	5.3001	1/2
LIST_EXNEXT_1000_ENTRIES_REPEAT10_TOTAL	1703222.50	0.46	280477.50	0.95	6.0726	6.0515	6.0940	6.0727	2/2
LIST_EXALL_1000_ENTRIES_FIRST_PASS	116863.50	1.01	6751.50	10.06	17.3093	16.2743	18.5028	17.3886	2/2
LIST_EXALL_1000_ENTRIES_REPEAT10_TOTAL	1057818.00	1.09	52255.00	4.77	20.2434	19.7345	20.7878	20.2611	2/2

== Historical leaf-range pilot, variant=range (candidate cc77 superseded) (2 required runs; no run filtering)
phase	BFS_mean_us	BFS_CV_pct	PFS3_mean_us	PFS3_CV_pct	ratio_of_means	run_ratio_min	run_ratio_max	run_ratio_median	over_5x
SMALL_CREATE_40	30112.00	3.46	18337.00	2.22	1.6421	1.6276	1.6563	1.6419	0/2
LOOKUP_400	76031.50	0.36	68511.00	4.69	1.1098	1.0769	1.1449	1.1109	0/2
SMALL_READ_40	20736.50	1.31	14111.50	4.82	1.4695	1.4080	1.5353	1.4716	0/2
LIST_EXNEXT_400	30656.00	0.30	16287.50	36.95	1.8822	1.4954	2.5426	2.0190	0/2
LIST_EXALL_400	8703.50	1.05	3231.00	32.21	2.6937	2.2102	3.4625	2.8364	0/2
SEQ_WRITE_8M	39423.50	0.69	43904.50	6.60	0.8979	0.8538	0.9464	0.9001	0/2
SEQ_READ_8M	274526.50	5.16	275455.00	9.13	0.9966	0.9020	1.1043	1.0032	0/2
SMALL_DELETE_40	17625.50	0.30	8032.00	2.80	2.1944	2.1472	2.2435	2.1954	0/2
APPEND_4K_1M	91519.00	22.75	37727.50	12.84	2.4258	2.2388	2.5816	2.4102	0/2
APPEND_1K_256K	63200.00	3.94	30015.50	24.43	2.1056	1.8455	2.4743	2.1599	0/2
APPEND_READ_1280K	44287.00	3.88	47232.00	15.71	0.9376	0.8671	1.0259	0.9465	0/2
LIST_EXNEXT_40_ENTRIES_FIRST_PASS	6304.00	2.18	2240.00	44.51	2.8143	2.1735	4.0436	3.1086	0/2
LIST_EXNEXT_40_ENTRIES_REPEAT10_TOTAL	32703.50	6.64	13824.50	11.79	2.3656	2.0811	2.7019	2.3915	0/2
LIST_EXALL_40_ENTRIES_FIRST_PASS	4096.00	8.84	638.50	14.06	6.4150	5.4701	7.5687	6.5194	2/2
LIST_EXALL_40_ENTRIES_REPEAT10_TOTAL	10176.50	12.46	2464.50	1.81	4.1292	3.7179	4.5512	4.1346	0/2
LIST_EXNEXT_400_ENTRIES_FIRST_PASS	59904.50	8.16	15680.00	23.67	3.8204	3.0839	4.8530	3.9685	0/2
LIST_EXNEXT_400_ENTRIES_REPEAT10_TOTAL	607067.50	7.12	159295.50	21.53	3.8110	3.1408	4.7218	3.9313	0/2
LIST_EXALL_400_ENTRIES_FIRST_PASS	35295.50	1.92	3392.50	21.36	10.4040	8.9157	12.4219	10.6688	2/2
LIST_EXALL_400_ENTRIES_REPEAT10_TOTAL	369533.50	5.44	20800.00	1.75	17.7660	16.8744	18.6799	17.7772	2/2
LIST_EXNEXT_1000_ENTRIES_FIRST_PASS	148447.00	1.37	31968.00	7.79	4.6436	4.4440	4.8665	4.6552	0/2
LIST_EXNEXT_1000_ENTRIES_REPEAT10_TOTAL	1574487.00	2.43	281790.50	1.22	5.5874	5.4443	5.7331	5.5887	2/2
LIST_EXALL_1000_ENTRIES_FIRST_PASS	101278.00	11.12	8126.50	14.47	12.4627	12.1952	12.7911	12.4932	2/2
LIST_EXALL_1000_ENTRIES_REPEAT10_TOTAL	940346.50	5.46	55167.50	7.22	17.0453	16.8435	17.2688	17.0562	2/2

PILOT-ONLY RESULT: all 10 historical pilots verified; NOT QUALIFICATION.
