FS_SPLIT_COMPARE	2
DRIVE	DH2:
DURABLE_MODE	0
PROBE_ENABLED	0
SMALL_CREATE_40_US	36351
SMALL_CREATE_40_WORK_US	36351
SMALL_CREATE_40_VOLUME_FLUSH_US	0
SMALL_CREATE_40_HAS_VOLUME_FLUSH	0
SMALL_CREATE_40_GUEST_OPEN_CALLS	40
SMALL_CREATE_40_GUEST_OPEN_US	17556
SMALL_CREATE_40_GUEST_READ_CALLS	0
SMALL_CREATE_40_GUEST_READ_US	0
SMALL_CREATE_40_GUEST_WRITE_CALLS	40
SMALL_CREATE_40_GUEST_WRITE_US	11484
SMALL_CREATE_40_GUEST_HANDLE_FLUSH_CALLS	40
SMALL_CREATE_40_GUEST_HANDLE_FLUSH_US	515
SMALL_CREATE_40_GUEST_CLOSE_CALLS	40
SMALL_CREATE_40_GUEST_CLOSE_US	4588
SMALL_CREATE_40_GUEST_VERIFY_CALLS	0
SMALL_CREATE_40_GUEST_VERIFY_US	0
LOOKUP_400_US	130048
LOOKUP_400_WORK_US	130048
LOOKUP_400_VOLUME_FLUSH_US	0
LOOKUP_400_HAS_VOLUME_FLUSH	0
LOOKUP_400_GUEST_OPEN_CALLS	0
LOOKUP_400_GUEST_OPEN_US	0
LOOKUP_400_GUEST_READ_CALLS	0
LOOKUP_400_GUEST_READ_US	0
LOOKUP_400_GUEST_WRITE_CALLS	0
LOOKUP_400_GUEST_WRITE_US	0
LOOKUP_400_GUEST_HANDLE_FLUSH_CALLS	0
LOOKUP_400_GUEST_HANDLE_FLUSH_US	0
LOOKUP_400_GUEST_CLOSE_CALLS	0
LOOKUP_400_GUEST_CLOSE_US	0
LOOKUP_400_GUEST_VERIFY_CALLS	0
LOOKUP_400_GUEST_VERIFY_US	0
SMALL_READ_40_US	17793
SMALL_READ_40_WORK_US	17793
SMALL_READ_40_VOLUME_FLUSH_US	0
SMALL_READ_40_HAS_VOLUME_FLUSH	0
SMALL_READ_40_GUEST_OPEN_CALLS	40
SMALL_READ_40_GUEST_OPEN_US	7365
SMALL_READ_40_GUEST_READ_CALLS	80
SMALL_READ_40_GUEST_READ_US	5745
SMALL_READ_40_GUEST_WRITE_CALLS	0
SMALL_READ_40_GUEST_WRITE_US	0
SMALL_READ_40_GUEST_HANDLE_FLUSH_CALLS	0
SMALL_READ_40_GUEST_HANDLE_FLUSH_US	0
SMALL_READ_40_GUEST_CLOSE_CALLS	40
SMALL_READ_40_GUEST_CLOSE_US	1352
SMALL_READ_40_GUEST_VERIFY_CALLS	40
SMALL_READ_40_GUEST_VERIFY_US	1829
LIST_EXNEXT_400_US	12352
LIST_EXNEXT_400_WORK_US	12352
LIST_EXNEXT_400_VOLUME_FLUSH_US	0
LIST_EXNEXT_400_HAS_VOLUME_FLUSH	0
LIST_EXNEXT_400_GUEST_OPEN_CALLS	0
LIST_EXNEXT_400_GUEST_OPEN_US	0
LIST_EXNEXT_400_GUEST_READ_CALLS	0
LIST_EXNEXT_400_GUEST_READ_US	0
LIST_EXNEXT_400_GUEST_WRITE_CALLS	0
LIST_EXNEXT_400_GUEST_WRITE_US	0
LIST_EXNEXT_400_GUEST_HANDLE_FLUSH_CALLS	0
LIST_EXNEXT_400_GUEST_HANDLE_FLUSH_US	0
LIST_EXNEXT_400_GUEST_CLOSE_CALLS	0
LIST_EXNEXT_400_GUEST_CLOSE_US	0
LIST_EXNEXT_400_GUEST_VERIFY_CALLS	0
LIST_EXNEXT_400_GUEST_VERIFY_US	0
LIST_EXALL_400_US	2497
LIST_EXALL_400_WORK_US	2497
LIST_EXALL_400_VOLUME_FLUSH_US	0
LIST_EXALL_400_HAS_VOLUME_FLUSH	0
LIST_EXALL_400_GUEST_OPEN_CALLS	0
LIST_EXALL_400_GUEST_OPEN_US	0
LIST_EXALL_400_GUEST_READ_CALLS	0
LIST_EXALL_400_GUEST_READ_US	0
LIST_EXALL_400_GUEST_WRITE_CALLS	0
LIST_EXALL_400_GUEST_WRITE_US	0
LIST_EXALL_400_GUEST_HANDLE_FLUSH_CALLS	0
LIST_EXALL_400_GUEST_HANDLE_FLUSH_US	0
LIST_EXALL_400_GUEST_CLOSE_CALLS	0
LIST_EXALL_400_GUEST_CLOSE_US	0
LIST_EXALL_400_GUEST_VERIFY_CALLS	0
LIST_EXALL_400_GUEST_VERIFY_US	0
SEQ_WRITE_8M_US	53376
SEQ_WRITE_8M_WORK_US	53376
SEQ_WRITE_8M_VOLUME_FLUSH_US	0
SEQ_WRITE_8M_HAS_VOLUME_FLUSH	0
SEQ_WRITE_8M_GUEST_OPEN_CALLS	1
SEQ_WRITE_8M_GUEST_OPEN_US	255
SEQ_WRITE_8M_GUEST_READ_CALLS	0
SEQ_WRITE_8M_GUEST_READ_US	0
SEQ_WRITE_8M_GUEST_WRITE_CALLS	128
SEQ_WRITE_8M_GUEST_WRITE_US	51751
SEQ_WRITE_8M_GUEST_HANDLE_FLUSH_CALLS	1
SEQ_WRITE_8M_GUEST_HANDLE_FLUSH_US	63
SEQ_WRITE_8M_GUEST_CLOSE_CALLS	1
SEQ_WRITE_8M_GUEST_CLOSE_US	191
SEQ_WRITE_8M_GUEST_VERIFY_CALLS	0
SEQ_WRITE_8M_GUEST_VERIFY_US	0
SEQ_READ_8M_US	287158
SEQ_READ_8M_WORK_US	287158
SEQ_READ_8M_VOLUME_FLUSH_US	0
SEQ_READ_8M_HAS_VOLUME_FLUSH	0
SEQ_READ_8M_GUEST_OPEN_CALLS	1
SEQ_READ_8M_GUEST_OPEN_US	640
SEQ_READ_8M_GUEST_READ_CALLS	129
SEQ_READ_8M_GUEST_READ_US	26468
SEQ_READ_8M_GUEST_WRITE_CALLS	0
SEQ_READ_8M_GUEST_WRITE_US	0
SEQ_READ_8M_GUEST_HANDLE_FLUSH_CALLS	0
SEQ_READ_8M_GUEST_HANDLE_FLUSH_US	0
SEQ_READ_8M_GUEST_CLOSE_CALLS	1
SEQ_READ_8M_GUEST_CLOSE_US	0
SEQ_READ_8M_GUEST_VERIFY_CALLS	128
SEQ_READ_8M_GUEST_VERIFY_US	257830
SMALL_DELETE_40_US	8512
SMALL_DELETE_40_WORK_US	8512
SMALL_DELETE_40_VOLUME_FLUSH_US	0
SMALL_DELETE_40_HAS_VOLUME_FLUSH	0
SMALL_DELETE_40_GUEST_OPEN_CALLS	0
SMALL_DELETE_40_GUEST_OPEN_US	0
SMALL_DELETE_40_GUEST_READ_CALLS	0
SMALL_DELETE_40_GUEST_READ_US	0
SMALL_DELETE_40_GUEST_WRITE_CALLS	0
SMALL_DELETE_40_GUEST_WRITE_US	0
SMALL_DELETE_40_GUEST_HANDLE_FLUSH_CALLS	0
SMALL_DELETE_40_GUEST_HANDLE_FLUSH_US	0
SMALL_DELETE_40_GUEST_CLOSE_CALLS	0
SMALL_DELETE_40_GUEST_CLOSE_US	0
SMALL_DELETE_40_GUEST_VERIFY_CALLS	0
SMALL_DELETE_40_GUEST_VERIFY_US	0
APPEND_4K_1M_US	59454
APPEND_4K_1M_WORK_US	59454
APPEND_4K_1M_VOLUME_FLUSH_US	0
APPEND_4K_1M_HAS_VOLUME_FLUSH	0
APPEND_4K_1M_GUEST_OPEN_CALLS	1
APPEND_4K_1M_GUEST_OPEN_US	383
APPEND_4K_1M_GUEST_READ_CALLS	0
APPEND_4K_1M_GUEST_READ_US	0
APPEND_4K_1M_GUEST_WRITE_CALLS	256
APPEND_4K_1M_GUEST_WRITE_US	55393
APPEND_4K_1M_GUEST_HANDLE_FLUSH_CALLS	1
APPEND_4K_1M_GUEST_HANDLE_FLUSH_US	0
APPEND_4K_1M_GUEST_CLOSE_CALLS	1
APPEND_4K_1M_GUEST_CLOSE_US	127
APPEND_4K_1M_GUEST_VERIFY_CALLS	0
APPEND_4K_1M_GUEST_VERIFY_US	0
APPEND_1K_256K_US	40063
APPEND_1K_256K_WORK_US	40063
APPEND_1K_256K_VOLUME_FLUSH_US	0
APPEND_1K_256K_HAS_VOLUME_FLUSH	0
APPEND_1K_256K_GUEST_OPEN_CALLS	1
APPEND_1K_256K_GUEST_OPEN_US	383
APPEND_1K_256K_GUEST_READ_CALLS	0
APPEND_1K_256K_GUEST_READ_US	0
APPEND_1K_256K_GUEST_WRITE_CALLS	256
APPEND_1K_256K_GUEST_WRITE_US	36331
APPEND_1K_256K_GUEST_HANDLE_FLUSH_CALLS	1
APPEND_1K_256K_GUEST_HANDLE_FLUSH_US	0
APPEND_1K_256K_GUEST_CLOSE_CALLS	1
APPEND_1K_256K_GUEST_CLOSE_US	65
APPEND_1K_256K_GUEST_VERIFY_CALLS	0
APPEND_1K_256K_GUEST_VERIFY_US	0
APPEND_READ_1280K_US	47999
APPEND_READ_1280K_WORK_US	47999
APPEND_READ_1280K_VOLUME_FLUSH_US	0
APPEND_READ_1280K_HAS_VOLUME_FLUSH	0
APPEND_READ_1280K_GUEST_OPEN_CALLS	2
APPEND_READ_1280K_GUEST_OPEN_US	321
APPEND_READ_1280K_GUEST_READ_CALLS	22
APPEND_READ_1280K_GUEST_READ_US	4160
APPEND_READ_1280K_GUEST_WRITE_CALLS	0
APPEND_READ_1280K_GUEST_WRITE_US	0
APPEND_READ_1280K_GUEST_HANDLE_FLUSH_CALLS	0
APPEND_READ_1280K_GUEST_HANDLE_FLUSH_US	0
APPEND_READ_1280K_GUEST_CLOSE_CALLS	2
APPEND_READ_1280K_GUEST_CLOSE_US	0
APPEND_READ_1280K_GUEST_VERIFY_CALLS	20
APPEND_READ_1280K_GUEST_VERIFY_US	42723
LIST_EXNEXT_40_ENTRIES_FIRST_PASS_US	1729
LIST_EXNEXT_40_ENTRIES_FIRST_PASS_WORK_US	1729
LIST_EXNEXT_40_ENTRIES_FIRST_PASS_VOLUME_FLUSH_US	0
LIST_EXNEXT_40_ENTRIES_FIRST_PASS_HAS_VOLUME_FLUSH	0
LIST_EXNEXT_40_ENTRIES_FIRST_PASS_GUEST_OPEN_CALLS	0
LIST_EXNEXT_40_ENTRIES_FIRST_PASS_GUEST_OPEN_US	0
LIST_EXNEXT_40_ENTRIES_FIRST_PASS_GUEST_READ_CALLS	0
LIST_EXNEXT_40_ENTRIES_FIRST_PASS_GUEST_READ_US	0
LIST_EXNEXT_40_ENTRIES_FIRST_PASS_GUEST_WRITE_CALLS	0
LIST_EXNEXT_40_ENTRIES_FIRST_PASS_GUEST_WRITE_US	0
LIST_EXNEXT_40_ENTRIES_FIRST_PASS_GUEST_HANDLE_FLUSH_CALLS	0
LIST_EXNEXT_40_ENTRIES_FIRST_PASS_GUEST_HANDLE_FLUSH_US	0
LIST_EXNEXT_40_ENTRIES_FIRST_PASS_GUEST_CLOSE_CALLS	0
LIST_EXNEXT_40_ENTRIES_FIRST_PASS_GUEST_CLOSE_US	0
LIST_EXNEXT_40_ENTRIES_FIRST_PASS_GUEST_VERIFY_CALLS	0
LIST_EXNEXT_40_ENTRIES_FIRST_PASS_GUEST_VERIFY_US	0
LIST_EXNEXT_40_ENTRIES_REPEAT10_TOTAL_US	11968
LIST_EXNEXT_40_ENTRIES_REPEAT10_TOTAL_WORK_US	11968
LIST_EXNEXT_40_ENTRIES_REPEAT10_TOTAL_VOLUME_FLUSH_US	0
LIST_EXNEXT_40_ENTRIES_REPEAT10_TOTAL_HAS_VOLUME_FLUSH	0
LIST_EXNEXT_40_ENTRIES_REPEAT10_TOTAL_GUEST_OPEN_CALLS	0
LIST_EXNEXT_40_ENTRIES_REPEAT10_TOTAL_GUEST_OPEN_US	0
LIST_EXNEXT_40_ENTRIES_REPEAT10_TOTAL_GUEST_READ_CALLS	0
LIST_EXNEXT_40_ENTRIES_REPEAT10_TOTAL_GUEST_READ_US	0
LIST_EXNEXT_40_ENTRIES_REPEAT10_TOTAL_GUEST_WRITE_CALLS	0
LIST_EXNEXT_40_ENTRIES_REPEAT10_TOTAL_GUEST_WRITE_US	0
LIST_EXNEXT_40_ENTRIES_REPEAT10_TOTAL_GUEST_HANDLE_FLUSH_CALLS	0
LIST_EXNEXT_40_ENTRIES_REPEAT10_TOTAL_GUEST_HANDLE_FLUSH_US	0
LIST_EXNEXT_40_ENTRIES_REPEAT10_TOTAL_GUEST_CLOSE_CALLS	0
LIST_EXNEXT_40_ENTRIES_REPEAT10_TOTAL_GUEST_CLOSE_US	0
LIST_EXNEXT_40_ENTRIES_REPEAT10_TOTAL_GUEST_VERIFY_CALLS	0
LIST_EXNEXT_40_ENTRIES_REPEAT10_TOTAL_GUEST_VERIFY_US	0
LIST_EXALL_40_ENTRIES_FIRST_PASS_US	640
LIST_EXALL_40_ENTRIES_FIRST_PASS_WORK_US	640
LIST_EXALL_40_ENTRIES_FIRST_PASS_VOLUME_FLUSH_US	0
LIST_EXALL_40_ENTRIES_FIRST_PASS_HAS_VOLUME_FLUSH	0
LIST_EXALL_40_ENTRIES_FIRST_PASS_GUEST_OPEN_CALLS	0
LIST_EXALL_40_ENTRIES_FIRST_PASS_GUEST_OPEN_US	0
LIST_EXALL_40_ENTRIES_FIRST_PASS_GUEST_READ_CALLS	0
LIST_EXALL_40_ENTRIES_FIRST_PASS_GUEST_READ_US	0
LIST_EXALL_40_ENTRIES_FIRST_PASS_GUEST_WRITE_CALLS	0
LIST_EXALL_40_ENTRIES_FIRST_PASS_GUEST_WRITE_US	0
LIST_EXALL_40_ENTRIES_FIRST_PASS_GUEST_HANDLE_FLUSH_CALLS	0
LIST_EXALL_40_ENTRIES_FIRST_PASS_GUEST_HANDLE_FLUSH_US	0
LIST_EXALL_40_ENTRIES_FIRST_PASS_GUEST_CLOSE_CALLS	0
LIST_EXALL_40_ENTRIES_FIRST_PASS_GUEST_CLOSE_US	0
LIST_EXALL_40_ENTRIES_FIRST_PASS_GUEST_VERIFY_CALLS	0
LIST_EXALL_40_ENTRIES_FIRST_PASS_GUEST_VERIFY_US	0
LIST_EXALL_40_ENTRIES_REPEAT10_TOTAL_US	2497
LIST_EXALL_40_ENTRIES_REPEAT10_TOTAL_WORK_US	2497
LIST_EXALL_40_ENTRIES_REPEAT10_TOTAL_VOLUME_FLUSH_US	0
LIST_EXALL_40_ENTRIES_REPEAT10_TOTAL_HAS_VOLUME_FLUSH	0
LIST_EXALL_40_ENTRIES_REPEAT10_TOTAL_GUEST_OPEN_CALLS	0
LIST_EXALL_40_ENTRIES_REPEAT10_TOTAL_GUEST_OPEN_US	0
LIST_EXALL_40_ENTRIES_REPEAT10_TOTAL_GUEST_READ_CALLS	0
LIST_EXALL_40_ENTRIES_REPEAT10_TOTAL_GUEST_READ_US	0
LIST_EXALL_40_ENTRIES_REPEAT10_TOTAL_GUEST_WRITE_CALLS	0
LIST_EXALL_40_ENTRIES_REPEAT10_TOTAL_GUEST_WRITE_US	0
LIST_EXALL_40_ENTRIES_REPEAT10_TOTAL_GUEST_HANDLE_FLUSH_CALLS	0
LIST_EXALL_40_ENTRIES_REPEAT10_TOTAL_GUEST_HANDLE_FLUSH_US	0
LIST_EXALL_40_ENTRIES_REPEAT10_TOTAL_GUEST_CLOSE_CALLS	0
LIST_EXALL_40_ENTRIES_REPEAT10_TOTAL_GUEST_CLOSE_US	0
LIST_EXALL_40_ENTRIES_REPEAT10_TOTAL_GUEST_VERIFY_CALLS	0
LIST_EXALL_40_ENTRIES_REPEAT10_TOTAL_GUEST_VERIFY_US	0
LIST_EXNEXT_400_ENTRIES_FIRST_PASS_US	13249
LIST_EXNEXT_400_ENTRIES_FIRST_PASS_WORK_US	13249
LIST_EXNEXT_400_ENTRIES_FIRST_PASS_VOLUME_FLUSH_US	0
LIST_EXNEXT_400_ENTRIES_FIRST_PASS_HAS_VOLUME_FLUSH	0
LIST_EXNEXT_400_ENTRIES_FIRST_PASS_GUEST_OPEN_CALLS	0
LIST_EXNEXT_400_ENTRIES_FIRST_PASS_GUEST_OPEN_US	0
LIST_EXNEXT_400_ENTRIES_FIRST_PASS_GUEST_READ_CALLS	0
LIST_EXNEXT_400_ENTRIES_FIRST_PASS_GUEST_READ_US	0
LIST_EXNEXT_400_ENTRIES_FIRST_PASS_GUEST_WRITE_CALLS	0
LIST_EXNEXT_400_ENTRIES_FIRST_PASS_GUEST_WRITE_US	0
LIST_EXNEXT_400_ENTRIES_FIRST_PASS_GUEST_HANDLE_FLUSH_CALLS	0
LIST_EXNEXT_400_ENTRIES_FIRST_PASS_GUEST_HANDLE_FLUSH_US	0
LIST_EXNEXT_400_ENTRIES_FIRST_PASS_GUEST_CLOSE_CALLS	0
LIST_EXNEXT_400_ENTRIES_FIRST_PASS_GUEST_CLOSE_US	0
LIST_EXNEXT_400_ENTRIES_FIRST_PASS_GUEST_VERIFY_CALLS	0
LIST_EXNEXT_400_ENTRIES_FIRST_PASS_GUEST_VERIFY_US	0
LIST_EXNEXT_400_ENTRIES_REPEAT10_TOTAL_US	133375
LIST_EXNEXT_400_ENTRIES_REPEAT10_TOTAL_WORK_US	133375
LIST_EXNEXT_400_ENTRIES_REPEAT10_TOTAL_VOLUME_FLUSH_US	0
LIST_EXNEXT_400_ENTRIES_REPEAT10_TOTAL_HAS_VOLUME_FLUSH	0
LIST_EXNEXT_400_ENTRIES_REPEAT10_TOTAL_GUEST_OPEN_CALLS	0
LIST_EXNEXT_400_ENTRIES_REPEAT10_TOTAL_GUEST_OPEN_US	0
LIST_EXNEXT_400_ENTRIES_REPEAT10_TOTAL_GUEST_READ_CALLS	0
LIST_EXNEXT_400_ENTRIES_REPEAT10_TOTAL_GUEST_READ_US	0
LIST_EXNEXT_400_ENTRIES_REPEAT10_TOTAL_GUEST_WRITE_CALLS	0
LIST_EXNEXT_400_ENTRIES_REPEAT10_TOTAL_GUEST_WRITE_US	0
LIST_EXNEXT_400_ENTRIES_REPEAT10_TOTAL_GUEST_HANDLE_FLUSH_CALLS	0
LIST_EXNEXT_400_ENTRIES_REPEAT10_TOTAL_GUEST_HANDLE_FLUSH_US	0
LIST_EXNEXT_400_ENTRIES_REPEAT10_TOTAL_GUEST_CLOSE_CALLS	0
LIST_EXNEXT_400_ENTRIES_REPEAT10_TOTAL_GUEST_CLOSE_US	0
LIST_EXNEXT_400_ENTRIES_REPEAT10_TOTAL_GUEST_VERIFY_CALLS	0
LIST_EXNEXT_400_ENTRIES_REPEAT10_TOTAL_GUEST_VERIFY_US	0
LIST_EXALL_400_ENTRIES_FIRST_PASS_US	3328
LIST_EXALL_400_ENTRIES_FIRST_PASS_WORK_US	3328
LIST_EXALL_400_ENTRIES_FIRST_PASS_VOLUME_FLUSH_US	0
LIST_EXALL_400_ENTRIES_FIRST_PASS_HAS_VOLUME_FLUSH	0
LIST_EXALL_400_ENTRIES_FIRST_PASS_GUEST_OPEN_CALLS	0
LIST_EXALL_400_ENTRIES_FIRST_PASS_GUEST_OPEN_US	0
LIST_EXALL_400_ENTRIES_FIRST_PASS_GUEST_READ_CALLS	0
LIST_EXALL_400_ENTRIES_FIRST_PASS_GUEST_READ_US	0
LIST_EXALL_400_ENTRIES_FIRST_PASS_GUEST_WRITE_CALLS	0
LIST_EXALL_400_ENTRIES_FIRST_PASS_GUEST_WRITE_US	0
LIST_EXALL_400_ENTRIES_FIRST_PASS_GUEST_HANDLE_FLUSH_CALLS	0
LIST_EXALL_400_ENTRIES_FIRST_PASS_GUEST_HANDLE_FLUSH_US	0
LIST_EXALL_400_ENTRIES_FIRST_PASS_GUEST_CLOSE_CALLS	0
LIST_EXALL_400_ENTRIES_FIRST_PASS_GUEST_CLOSE_US	0
LIST_EXALL_400_ENTRIES_FIRST_PASS_GUEST_VERIFY_CALLS	0
LIST_EXALL_400_ENTRIES_FIRST_PASS_GUEST_VERIFY_US	0
LIST_EXALL_400_ENTRIES_REPEAT10_TOTAL_US	20800
LIST_EXALL_400_ENTRIES_REPEAT10_TOTAL_WORK_US	20800
LIST_EXALL_400_ENTRIES_REPEAT10_TOTAL_VOLUME_FLUSH_US	0
LIST_EXALL_400_ENTRIES_REPEAT10_TOTAL_HAS_VOLUME_FLUSH	0
LIST_EXALL_400_ENTRIES_REPEAT10_TOTAL_GUEST_OPEN_CALLS	0
LIST_EXALL_400_ENTRIES_REPEAT10_TOTAL_GUEST_OPEN_US	0
LIST_EXALL_400_ENTRIES_REPEAT10_TOTAL_GUEST_READ_CALLS	0
LIST_EXALL_400_ENTRIES_REPEAT10_TOTAL_GUEST_READ_US	0
LIST_EXALL_400_ENTRIES_REPEAT10_TOTAL_GUEST_WRITE_CALLS	0
LIST_EXALL_400_ENTRIES_REPEAT10_TOTAL_GUEST_WRITE_US	0
LIST_EXALL_400_ENTRIES_REPEAT10_TOTAL_GUEST_HANDLE_FLUSH_CALLS	0
LIST_EXALL_400_ENTRIES_REPEAT10_TOTAL_GUEST_HANDLE_FLUSH_US	0
LIST_EXALL_400_ENTRIES_REPEAT10_TOTAL_GUEST_CLOSE_CALLS	0
LIST_EXALL_400_ENTRIES_REPEAT10_TOTAL_GUEST_CLOSE_US	0
LIST_EXALL_400_ENTRIES_REPEAT10_TOTAL_GUEST_VERIFY_CALLS	0
LIST_EXALL_400_ENTRIES_REPEAT10_TOTAL_GUEST_VERIFY_US	0
LIST_EXNEXT_1000_ENTRIES_FIRST_PASS_US	31616
LIST_EXNEXT_1000_ENTRIES_FIRST_PASS_WORK_US	31616
LIST_EXNEXT_1000_ENTRIES_FIRST_PASS_VOLUME_FLUSH_US	0
LIST_EXNEXT_1000_ENTRIES_FIRST_PASS_HAS_VOLUME_FLUSH	0
LIST_EXNEXT_1000_ENTRIES_FIRST_PASS_GUEST_OPEN_CALLS	0
LIST_EXNEXT_1000_ENTRIES_FIRST_PASS_GUEST_OPEN_US	0
LIST_EXNEXT_1000_ENTRIES_FIRST_PASS_GUEST_READ_CALLS	0
LIST_EXNEXT_1000_ENTRIES_FIRST_PASS_GUEST_READ_US	0
LIST_EXNEXT_1000_ENTRIES_FIRST_PASS_GUEST_WRITE_CALLS	0
LIST_EXNEXT_1000_ENTRIES_FIRST_PASS_GUEST_WRITE_US	0
LIST_EXNEXT_1000_ENTRIES_FIRST_PASS_GUEST_HANDLE_FLUSH_CALLS	0
LIST_EXNEXT_1000_ENTRIES_FIRST_PASS_GUEST_HANDLE_FLUSH_US	0
LIST_EXNEXT_1000_ENTRIES_FIRST_PASS_GUEST_CLOSE_CALLS	0
LIST_EXNEXT_1000_ENTRIES_FIRST_PASS_GUEST_CLOSE_US	0
LIST_EXNEXT_1000_ENTRIES_FIRST_PASS_GUEST_VERIFY_CALLS	0
LIST_EXNEXT_1000_ENTRIES_FIRST_PASS_GUEST_VERIFY_US	0
LIST_EXNEXT_1000_ENTRIES_REPEAT10_TOTAL_US	326975
LIST_EXNEXT_1000_ENTRIES_REPEAT10_TOTAL_WORK_US	326975
LIST_EXNEXT_1000_ENTRIES_REPEAT10_TOTAL_VOLUME_FLUSH_US	0
LIST_EXNEXT_1000_ENTRIES_REPEAT10_TOTAL_HAS_VOLUME_FLUSH	0
LIST_EXNEXT_1000_ENTRIES_REPEAT10_TOTAL_GUEST_OPEN_CALLS	0
LIST_EXNEXT_1000_ENTRIES_REPEAT10_TOTAL_GUEST_OPEN_US	0
LIST_EXNEXT_1000_ENTRIES_REPEAT10_TOTAL_GUEST_READ_CALLS	0
LIST_EXNEXT_1000_ENTRIES_REPEAT10_TOTAL_GUEST_READ_US	0
LIST_EXNEXT_1000_ENTRIES_REPEAT10_TOTAL_GUEST_WRITE_CALLS	0
LIST_EXNEXT_1000_ENTRIES_REPEAT10_TOTAL_GUEST_WRITE_US	0
LIST_EXNEXT_1000_ENTRIES_REPEAT10_TOTAL_GUEST_HANDLE_FLUSH_CALLS	0
LIST_EXNEXT_1000_ENTRIES_REPEAT10_TOTAL_GUEST_HANDLE_FLUSH_US	0
LIST_EXNEXT_1000_ENTRIES_REPEAT10_TOTAL_GUEST_CLOSE_CALLS	0
LIST_EXNEXT_1000_ENTRIES_REPEAT10_TOTAL_GUEST_CLOSE_US	0
LIST_EXNEXT_1000_ENTRIES_REPEAT10_TOTAL_GUEST_VERIFY_CALLS	0
LIST_EXNEXT_1000_ENTRIES_REPEAT10_TOTAL_GUEST_VERIFY_US	0
LIST_EXALL_1000_ENTRIES_FIRST_PASS_US	6337
LIST_EXALL_1000_ENTRIES_FIRST_PASS_WORK_US	6337
LIST_EXALL_1000_ENTRIES_FIRST_PASS_VOLUME_FLUSH_US	0
LIST_EXALL_1000_ENTRIES_FIRST_PASS_HAS_VOLUME_FLUSH	0
LIST_EXALL_1000_ENTRIES_FIRST_PASS_GUEST_OPEN_CALLS	0
LIST_EXALL_1000_ENTRIES_FIRST_PASS_GUEST_OPEN_US	0
LIST_EXALL_1000_ENTRIES_FIRST_PASS_GUEST_READ_CALLS	0
LIST_EXALL_1000_ENTRIES_FIRST_PASS_GUEST_READ_US	0
LIST_EXALL_1000_ENTRIES_FIRST_PASS_GUEST_WRITE_CALLS	0
LIST_EXALL_1000_ENTRIES_FIRST_PASS_GUEST_WRITE_US	0
LIST_EXALL_1000_ENTRIES_FIRST_PASS_GUEST_HANDLE_FLUSH_CALLS	0
LIST_EXALL_1000_ENTRIES_FIRST_PASS_GUEST_HANDLE_FLUSH_US	0
LIST_EXALL_1000_ENTRIES_FIRST_PASS_GUEST_CLOSE_CALLS	0
LIST_EXALL_1000_ENTRIES_FIRST_PASS_GUEST_CLOSE_US	0
LIST_EXALL_1000_ENTRIES_FIRST_PASS_GUEST_VERIFY_CALLS	0
LIST_EXALL_1000_ENTRIES_FIRST_PASS_GUEST_VERIFY_US	0
LIST_EXALL_1000_ENTRIES_REPEAT10_TOTAL_US	49600
LIST_EXALL_1000_ENTRIES_REPEAT10_TOTAL_WORK_US	49600
LIST_EXALL_1000_ENTRIES_REPEAT10_TOTAL_VOLUME_FLUSH_US	0
LIST_EXALL_1000_ENTRIES_REPEAT10_TOTAL_HAS_VOLUME_FLUSH	0
LIST_EXALL_1000_ENTRIES_REPEAT10_TOTAL_GUEST_OPEN_CALLS	0
LIST_EXALL_1000_ENTRIES_REPEAT10_TOTAL_GUEST_OPEN_US	0
LIST_EXALL_1000_ENTRIES_REPEAT10_TOTAL_GUEST_READ_CALLS	0
LIST_EXALL_1000_ENTRIES_REPEAT10_TOTAL_GUEST_READ_US	0
LIST_EXALL_1000_ENTRIES_REPEAT10_TOTAL_GUEST_WRITE_CALLS	0
LIST_EXALL_1000_ENTRIES_REPEAT10_TOTAL_GUEST_WRITE_US	0
LIST_EXALL_1000_ENTRIES_REPEAT10_TOTAL_GUEST_HANDLE_FLUSH_CALLS	0
LIST_EXALL_1000_ENTRIES_REPEAT10_TOTAL_GUEST_HANDLE_FLUSH_US	0
LIST_EXALL_1000_ENTRIES_REPEAT10_TOTAL_GUEST_CLOSE_CALLS	0
LIST_EXALL_1000_ENTRIES_REPEAT10_TOTAL_GUEST_CLOSE_US	0
LIST_EXALL_1000_ENTRIES_REPEAT10_TOTAL_GUEST_VERIFY_CALLS	0
LIST_EXALL_1000_ENTRIES_REPEAT10_TOTAL_GUEST_VERIFY_US	0
PROBE_VERSION	0
CLOCK_HZ	0
CRC_SAMPLE_STRIDE	0
CPU_SAMPLE_STRIDE	0
WRITE_PROBE_VERSION	0
WRITE_SAMPLE_STRIDE	0
DETAIL_SAMPLE_STRIDE	0
PASS	1
