FS_DEEP_COMPARE	9
DRIVE	DH1:
SMALL_CREATE_40_US	365950
SMALL_CREATE_40_BIO_READS	1
SMALL_CREATE_40_BIO_WRITES	448
SMALL_CREATE_40_BIO_UPDATES	120
SMALL_CREATE_40_DATA_READS	0
SMALL_CREATE_40_DATA_WRITES	40
SMALL_CREATE_40_NODE_WRITES	368
SMALL_CREATE_40_TXN_COMMITS	40
SMALL_CREATE_40_FREESPACE_ALLOCS	40
SMALL_CREATE_40_EXTENT_MAPS	40
SMALL_CREATE_40_READ_TICKS	0
SMALL_CREATE_40_WRITE_TICKS	27760
SMALL_CREATE_40_UPDATE_TICKS	2811
SMALL_CREATE_40_DATA_READ_TICKS	0
SMALL_CREATE_40_DATA_WRITE_TICKS	1336
SMALL_CREATE_40_FREE_TREE_NODE_WRITES	120
SMALL_CREATE_40_FREE_TREE_ALLOCATION_BODY_NODE_WRITES	40
SMALL_CREATE_40_FREE_TREE_RESERVE_REFILL_NODE_WRITES	40
SMALL_CREATE_40_FREE_TREE_RESERVE_RETURN_NODE_WRITES	0
SMALL_CREATE_40_FREE_TREE_POST_PUBLISH_PENDING_RECLAIM_NODE_WRITES	0
SMALL_CREATE_40_FREE_TREE_OTHER_NODE_WRITES	40
SMALL_CREATE_40_DIR_TREE_NODE_WRITES	75
SMALL_CREATE_40_INODE_TREE_NODE_WRITES	133
SMALL_CREATE_40_REFCOUNT_TREE_NODE_WRITES	0
SMALL_CREATE_40_OTHER_TREE_NODE_WRITES	40
SMALL_CREATE_40_NODE_CRC_READ_CALLS	1
SMALL_CREATE_40_NODE_CRC_READ_SAMPLES	0
SMALL_CREATE_40_NODE_CRC_READ_SAMPLE_TICKS	0
SMALL_CREATE_40_NODE_CRC_WRITE_CALLS	368
SMALL_CREATE_40_NODE_CRC_WRITE_SAMPLES	5
SMALL_CREATE_40_NODE_CRC_WRITE_SAMPLE_TICKS	271
SMALL_CREATE_40_CLOCK_PAIR_TICKS	1
SMALL_CREATE_40_FREE_TREE_RESERVE_RETURN_CALLS	0
SMALL_CREATE_40_FREE_TREE_RESERVE_RETURN_RUNS	0
SMALL_CREATE_40_FREE_TREE_RESERVE_RETURN_BLOCKS	0
SMALL_CREATE_40_FREE_TREE_RESERVE_RETURN_RUNS_1_BLOCK	0
SMALL_CREATE_40_FREE_TREE_RESERVE_RETURN_RUNS_2_3_BLOCKS	0
SMALL_CREATE_40_FREE_TREE_RESERVE_RETURN_RUNS_4_7_BLOCKS	0
SMALL_CREATE_40_FREE_TREE_RESERVE_RETURN_RUNS_8_PLUS_BLOCKS	0
SMALL_CREATE_40_FREE_TREE_RESERVE_RETURN_MAX_RUN_BLOCKS	0
SMALL_CREATE_40_FREE_TREE_RESERVE_RETURN_MAX_NODE_WRITES_PER_RUN	0
SMALL_CREATE_40_POST_PUBLISH_RECLAIM_PASSES	0
SMALL_CREATE_40_MAX_POST_PUBLISH_RECLAIM_PASSES_PER_COMMIT	0
SMALL_CREATE_40_SUPERBLOCK_PUBLICATIONS	40
SMALL_CREATE_40_FREE_TREE_RESERVE_RETURN_RUN_NODE_WRITES	0
SMALL_CREATE_40_FREE_TREE_RESERVE_RETURN_BATCH_CALLS	0
SMALL_CREATE_40_FREE_TREE_RESERVE_RETURN_BATCH_BLOCKS	0
SMALL_CREATE_40_FREE_TREE_RESERVE_RETURN_BATCH_NODE_WRITES	0
SMALL_CREATE_40_FREE_TREE_RESERVE_RETURN_SKIP_SHAPE	0
SMALL_CREATE_40_FREE_TREE_RESERVE_RETURN_SKIP_SMALL	0
SMALL_CREATE_40_FREE_TREE_RESERVE_RETURN_SKIP_EMERGENCY	0
SMALL_CREATE_40_FREE_TREE_RESERVE_RETURN_SKIP_CAPACITY	0
SMALL_CREATE_40_SEALED_COMMITS	40
SMALL_CREATE_40_SEALED_METADATA_FENCES	40
LOOKUP_400_US	157439
LOOKUP_400_BIO_READS	3
LOOKUP_400_BIO_WRITES	0
LOOKUP_400_BIO_UPDATES	0
LOOKUP_400_DATA_READS	0
LOOKUP_400_DATA_WRITES	0
LOOKUP_400_NODE_WRITES	0
LOOKUP_400_TXN_COMMITS	0
LOOKUP_400_FREESPACE_ALLOCS	0
LOOKUP_400_EXTENT_MAPS	0
LOOKUP_400_READ_TICKS	363
LOOKUP_400_WRITE_TICKS	0
LOOKUP_400_UPDATE_TICKS	0
LOOKUP_400_DATA_READ_TICKS	0
LOOKUP_400_DATA_WRITE_TICKS	0
LOOKUP_400_FREE_TREE_NODE_WRITES	0
LOOKUP_400_FREE_TREE_ALLOCATION_BODY_NODE_WRITES	0
LOOKUP_400_FREE_TREE_RESERVE_REFILL_NODE_WRITES	0
LOOKUP_400_FREE_TREE_RESERVE_RETURN_NODE_WRITES	0
LOOKUP_400_FREE_TREE_POST_PUBLISH_PENDING_RECLAIM_NODE_WRITES	0
LOOKUP_400_FREE_TREE_OTHER_NODE_WRITES	0
LOOKUP_400_DIR_TREE_NODE_WRITES	0
LOOKUP_400_INODE_TREE_NODE_WRITES	0
LOOKUP_400_REFCOUNT_TREE_NODE_WRITES	0
LOOKUP_400_OTHER_TREE_NODE_WRITES	0
LOOKUP_400_NODE_CRC_READ_CALLS	3
LOOKUP_400_NODE_CRC_READ_SAMPLES	0
LOOKUP_400_NODE_CRC_READ_SAMPLE_TICKS	0
LOOKUP_400_NODE_CRC_WRITE_CALLS	0
LOOKUP_400_NODE_CRC_WRITE_SAMPLES	0
LOOKUP_400_NODE_CRC_WRITE_SAMPLE_TICKS	0
LOOKUP_400_CLOCK_PAIR_TICKS	2
LOOKUP_400_FREE_TREE_RESERVE_RETURN_CALLS	0
LOOKUP_400_FREE_TREE_RESERVE_RETURN_RUNS	0
LOOKUP_400_FREE_TREE_RESERVE_RETURN_BLOCKS	0
LOOKUP_400_FREE_TREE_RESERVE_RETURN_RUNS_1_BLOCK	0
LOOKUP_400_FREE_TREE_RESERVE_RETURN_RUNS_2_3_BLOCKS	0
LOOKUP_400_FREE_TREE_RESERVE_RETURN_RUNS_4_7_BLOCKS	0
LOOKUP_400_FREE_TREE_RESERVE_RETURN_RUNS_8_PLUS_BLOCKS	0
LOOKUP_400_FREE_TREE_RESERVE_RETURN_MAX_RUN_BLOCKS	0
LOOKUP_400_FREE_TREE_RESERVE_RETURN_MAX_NODE_WRITES_PER_RUN	0
LOOKUP_400_POST_PUBLISH_RECLAIM_PASSES	0
LOOKUP_400_MAX_POST_PUBLISH_RECLAIM_PASSES_PER_COMMIT	0
LOOKUP_400_SUPERBLOCK_PUBLICATIONS	0
LOOKUP_400_FREE_TREE_RESERVE_RETURN_RUN_NODE_WRITES	0
LOOKUP_400_FREE_TREE_RESERVE_RETURN_BATCH_CALLS	0
LOOKUP_400_FREE_TREE_RESERVE_RETURN_BATCH_BLOCKS	0
LOOKUP_400_FREE_TREE_RESERVE_RETURN_BATCH_NODE_WRITES	0
LOOKUP_400_FREE_TREE_RESERVE_RETURN_SKIP_SHAPE	0
LOOKUP_400_FREE_TREE_RESERVE_RETURN_SKIP_SMALL	0
LOOKUP_400_FREE_TREE_RESERVE_RETURN_SKIP_EMERGENCY	0
LOOKUP_400_FREE_TREE_RESERVE_RETURN_SKIP_CAPACITY	0
LOOKUP_400_SEALED_COMMITS	0
LOOKUP_400_SEALED_METADATA_FENCES	0
SMALL_READ_40_US	60606
SMALL_READ_40_BIO_READS	81
SMALL_READ_40_BIO_WRITES	0
SMALL_READ_40_BIO_UPDATES	0
SMALL_READ_40_DATA_READS	40
SMALL_READ_40_DATA_WRITES	0
SMALL_READ_40_NODE_WRITES	0
SMALL_READ_40_TXN_COMMITS	0
SMALL_READ_40_FREESPACE_ALLOCS	0
SMALL_READ_40_EXTENT_MAPS	0
SMALL_READ_40_READ_TICKS	7139
SMALL_READ_40_WRITE_TICKS	0
SMALL_READ_40_UPDATE_TICKS	0
SMALL_READ_40_DATA_READ_TICKS	3332
SMALL_READ_40_DATA_WRITE_TICKS	0
SMALL_READ_40_FREE_TREE_NODE_WRITES	0
SMALL_READ_40_FREE_TREE_ALLOCATION_BODY_NODE_WRITES	0
SMALL_READ_40_FREE_TREE_RESERVE_REFILL_NODE_WRITES	0
SMALL_READ_40_FREE_TREE_RESERVE_RETURN_NODE_WRITES	0
SMALL_READ_40_FREE_TREE_POST_PUBLISH_PENDING_RECLAIM_NODE_WRITES	0
SMALL_READ_40_FREE_TREE_OTHER_NODE_WRITES	0
SMALL_READ_40_DIR_TREE_NODE_WRITES	0
SMALL_READ_40_INODE_TREE_NODE_WRITES	0
SMALL_READ_40_REFCOUNT_TREE_NODE_WRITES	0
SMALL_READ_40_OTHER_TREE_NODE_WRITES	0
SMALL_READ_40_NODE_CRC_READ_CALLS	41
SMALL_READ_40_NODE_CRC_READ_SAMPLES	0
SMALL_READ_40_NODE_CRC_READ_SAMPLE_TICKS	0
SMALL_READ_40_NODE_CRC_WRITE_CALLS	0
SMALL_READ_40_NODE_CRC_WRITE_SAMPLES	0
SMALL_READ_40_NODE_CRC_WRITE_SAMPLE_TICKS	0
SMALL_READ_40_CLOCK_PAIR_TICKS	1
SMALL_READ_40_FREE_TREE_RESERVE_RETURN_CALLS	0
SMALL_READ_40_FREE_TREE_RESERVE_RETURN_RUNS	0
SMALL_READ_40_FREE_TREE_RESERVE_RETURN_BLOCKS	0
SMALL_READ_40_FREE_TREE_RESERVE_RETURN_RUNS_1_BLOCK	0
SMALL_READ_40_FREE_TREE_RESERVE_RETURN_RUNS_2_3_BLOCKS	0
SMALL_READ_40_FREE_TREE_RESERVE_RETURN_RUNS_4_7_BLOCKS	0
SMALL_READ_40_FREE_TREE_RESERVE_RETURN_RUNS_8_PLUS_BLOCKS	0
SMALL_READ_40_FREE_TREE_RESERVE_RETURN_MAX_RUN_BLOCKS	0
SMALL_READ_40_FREE_TREE_RESERVE_RETURN_MAX_NODE_WRITES_PER_RUN	0
SMALL_READ_40_POST_PUBLISH_RECLAIM_PASSES	0
SMALL_READ_40_MAX_POST_PUBLISH_RECLAIM_PASSES_PER_COMMIT	0
SMALL_READ_40_SUPERBLOCK_PUBLICATIONS	0
SMALL_READ_40_FREE_TREE_RESERVE_RETURN_RUN_NODE_WRITES	0
SMALL_READ_40_FREE_TREE_RESERVE_RETURN_BATCH_CALLS	0
SMALL_READ_40_FREE_TREE_RESERVE_RETURN_BATCH_BLOCKS	0
SMALL_READ_40_FREE_TREE_RESERVE_RETURN_BATCH_NODE_WRITES	0
SMALL_READ_40_FREE_TREE_RESERVE_RETURN_SKIP_SHAPE	0
SMALL_READ_40_FREE_TREE_RESERVE_RETURN_SKIP_SMALL	0
SMALL_READ_40_FREE_TREE_RESERVE_RETURN_SKIP_EMERGENCY	0
SMALL_READ_40_FREE_TREE_RESERVE_RETURN_SKIP_CAPACITY	0
SMALL_READ_40_SEALED_COMMITS	0
SMALL_READ_40_SEALED_METADATA_FENCES	0
SEQ_WRITE_8M_US	640929
SEQ_WRITE_8M_BIO_READS	3
SEQ_WRITE_8M_BIO_WRITES	2471
SEQ_WRITE_8M_BIO_UPDATES	3
SEQ_WRITE_8M_DATA_READS	0
SEQ_WRITE_8M_DATA_WRITES	2048
SEQ_WRITE_8M_NODE_WRITES	422
SEQ_WRITE_8M_TXN_COMMITS	1
SEQ_WRITE_8M_FREESPACE_ALLOCS	128
SEQ_WRITE_8M_EXTENT_MAPS	128
SEQ_WRITE_8M_READ_TICKS	93
SEQ_WRITE_8M_WRITE_TICKS	79649
SEQ_WRITE_8M_UPDATE_TICKS	91
SEQ_WRITE_8M_DATA_READ_TICKS	0
SEQ_WRITE_8M_DATA_WRITE_TICKS	41920
SEQ_WRITE_8M_FREE_TREE_NODE_WRITES	130
SEQ_WRITE_8M_FREE_TREE_ALLOCATION_BODY_NODE_WRITES	128
SEQ_WRITE_8M_FREE_TREE_RESERVE_REFILL_NODE_WRITES	1
SEQ_WRITE_8M_FREE_TREE_RESERVE_RETURN_NODE_WRITES	0
SEQ_WRITE_8M_FREE_TREE_POST_PUBLISH_PENDING_RECLAIM_NODE_WRITES	0
SEQ_WRITE_8M_FREE_TREE_OTHER_NODE_WRITES	1
SEQ_WRITE_8M_DIR_TREE_NODE_WRITES	2
SEQ_WRITE_8M_INODE_TREE_NODE_WRITES	162
SEQ_WRITE_8M_REFCOUNT_TREE_NODE_WRITES	0
SEQ_WRITE_8M_OTHER_TREE_NODE_WRITES	128
SEQ_WRITE_8M_NODE_CRC_READ_CALLS	1
SEQ_WRITE_8M_NODE_CRC_READ_SAMPLES	0
SEQ_WRITE_8M_NODE_CRC_READ_SAMPLE_TICKS	0
SEQ_WRITE_8M_NODE_CRC_WRITE_CALLS	422
SEQ_WRITE_8M_NODE_CRC_WRITE_SAMPLES	6
SEQ_WRITE_8M_NODE_CRC_WRITE_SAMPLE_TICKS	680
SEQ_WRITE_8M_CLOCK_PAIR_TICKS	1
SEQ_WRITE_8M_FREE_TREE_RESERVE_RETURN_CALLS	0
SEQ_WRITE_8M_FREE_TREE_RESERVE_RETURN_RUNS	0
SEQ_WRITE_8M_FREE_TREE_RESERVE_RETURN_BLOCKS	0
SEQ_WRITE_8M_FREE_TREE_RESERVE_RETURN_RUNS_1_BLOCK	0
SEQ_WRITE_8M_FREE_TREE_RESERVE_RETURN_RUNS_2_3_BLOCKS	0
SEQ_WRITE_8M_FREE_TREE_RESERVE_RETURN_RUNS_4_7_BLOCKS	0
SEQ_WRITE_8M_FREE_TREE_RESERVE_RETURN_RUNS_8_PLUS_BLOCKS	0
SEQ_WRITE_8M_FREE_TREE_RESERVE_RETURN_MAX_RUN_BLOCKS	0
SEQ_WRITE_8M_FREE_TREE_RESERVE_RETURN_MAX_NODE_WRITES_PER_RUN	0
SEQ_WRITE_8M_POST_PUBLISH_RECLAIM_PASSES	0
SEQ_WRITE_8M_MAX_POST_PUBLISH_RECLAIM_PASSES_PER_COMMIT	0
SEQ_WRITE_8M_SUPERBLOCK_PUBLICATIONS	1
SEQ_WRITE_8M_FREE_TREE_RESERVE_RETURN_RUN_NODE_WRITES	0
SEQ_WRITE_8M_FREE_TREE_RESERVE_RETURN_BATCH_CALLS	0
SEQ_WRITE_8M_FREE_TREE_RESERVE_RETURN_BATCH_BLOCKS	0
SEQ_WRITE_8M_FREE_TREE_RESERVE_RETURN_BATCH_NODE_WRITES	0
SEQ_WRITE_8M_FREE_TREE_RESERVE_RETURN_SKIP_SHAPE	0
SEQ_WRITE_8M_FREE_TREE_RESERVE_RETURN_SKIP_SMALL	0
SEQ_WRITE_8M_FREE_TREE_RESERVE_RETURN_SKIP_EMERGENCY	0
SEQ_WRITE_8M_FREE_TREE_RESERVE_RETURN_SKIP_CAPACITY	0
SEQ_WRITE_8M_SEALED_COMMITS	1
SEQ_WRITE_8M_SEALED_METADATA_FENCES	1
SEQ_READ_8M_US	657927
SEQ_READ_8M_BIO_READS	2048
SEQ_READ_8M_BIO_WRITES	0
SEQ_READ_8M_BIO_UPDATES	0
SEQ_READ_8M_DATA_READS	2048
SEQ_READ_8M_DATA_WRITES	0
SEQ_READ_8M_NODE_WRITES	0
SEQ_READ_8M_TXN_COMMITS	0
SEQ_READ_8M_FREESPACE_ALLOCS	0
SEQ_READ_8M_EXTENT_MAPS	0
SEQ_READ_8M_READ_TICKS	66393
SEQ_READ_8M_WRITE_TICKS	0
SEQ_READ_8M_UPDATE_TICKS	0
SEQ_READ_8M_DATA_READ_TICKS	66393
SEQ_READ_8M_DATA_WRITE_TICKS	0
SEQ_READ_8M_FREE_TREE_NODE_WRITES	0
SEQ_READ_8M_FREE_TREE_ALLOCATION_BODY_NODE_WRITES	0
SEQ_READ_8M_FREE_TREE_RESERVE_REFILL_NODE_WRITES	0
SEQ_READ_8M_FREE_TREE_RESERVE_RETURN_NODE_WRITES	0
SEQ_READ_8M_FREE_TREE_POST_PUBLISH_PENDING_RECLAIM_NODE_WRITES	0
SEQ_READ_8M_FREE_TREE_OTHER_NODE_WRITES	0
SEQ_READ_8M_DIR_TREE_NODE_WRITES	0
SEQ_READ_8M_INODE_TREE_NODE_WRITES	0
SEQ_READ_8M_REFCOUNT_TREE_NODE_WRITES	0
SEQ_READ_8M_OTHER_TREE_NODE_WRITES	0
SEQ_READ_8M_NODE_CRC_READ_CALLS	0
SEQ_READ_8M_NODE_CRC_READ_SAMPLES	0
SEQ_READ_8M_NODE_CRC_READ_SAMPLE_TICKS	0
SEQ_READ_8M_NODE_CRC_WRITE_CALLS	0
SEQ_READ_8M_NODE_CRC_WRITE_SAMPLES	0
SEQ_READ_8M_NODE_CRC_WRITE_SAMPLE_TICKS	0
SEQ_READ_8M_CLOCK_PAIR_TICKS	0
SEQ_READ_8M_FREE_TREE_RESERVE_RETURN_CALLS	0
SEQ_READ_8M_FREE_TREE_RESERVE_RETURN_RUNS	0
SEQ_READ_8M_FREE_TREE_RESERVE_RETURN_BLOCKS	0
SEQ_READ_8M_FREE_TREE_RESERVE_RETURN_RUNS_1_BLOCK	0
SEQ_READ_8M_FREE_TREE_RESERVE_RETURN_RUNS_2_3_BLOCKS	0
SEQ_READ_8M_FREE_TREE_RESERVE_RETURN_RUNS_4_7_BLOCKS	0
SEQ_READ_8M_FREE_TREE_RESERVE_RETURN_RUNS_8_PLUS_BLOCKS	0
SEQ_READ_8M_FREE_TREE_RESERVE_RETURN_MAX_RUN_BLOCKS	0
SEQ_READ_8M_FREE_TREE_RESERVE_RETURN_MAX_NODE_WRITES_PER_RUN	0
SEQ_READ_8M_POST_PUBLISH_RECLAIM_PASSES	0
SEQ_READ_8M_MAX_POST_PUBLISH_RECLAIM_PASSES_PER_COMMIT	0
SEQ_READ_8M_SUPERBLOCK_PUBLICATIONS	0
SEQ_READ_8M_FREE_TREE_RESERVE_RETURN_RUN_NODE_WRITES	0
SEQ_READ_8M_FREE_TREE_RESERVE_RETURN_BATCH_CALLS	0
SEQ_READ_8M_FREE_TREE_RESERVE_RETURN_BATCH_BLOCKS	0
SEQ_READ_8M_FREE_TREE_RESERVE_RETURN_BATCH_NODE_WRITES	0
SEQ_READ_8M_FREE_TREE_RESERVE_RETURN_SKIP_SHAPE	0
SEQ_READ_8M_FREE_TREE_RESERVE_RETURN_SKIP_SMALL	0
SEQ_READ_8M_FREE_TREE_RESERVE_RETURN_SKIP_EMERGENCY	0
SEQ_READ_8M_FREE_TREE_RESERVE_RETURN_SKIP_CAPACITY	0
SEQ_READ_8M_SEALED_COMMITS	0
SEQ_READ_8M_SEALED_METADATA_FENCES	0
SMALL_DELETE_40_US	253373
SMALL_DELETE_40_BIO_READS	50
SMALL_DELETE_40_BIO_WRITES	236
SMALL_DELETE_40_BIO_UPDATES	120
SMALL_DELETE_40_DATA_READS	0
SMALL_DELETE_40_DATA_WRITES	0
SMALL_DELETE_40_NODE_WRITES	196
SMALL_DELETE_40_TXN_COMMITS	40
SMALL_DELETE_40_FREESPACE_ALLOCS	0
SMALL_DELETE_40_EXTENT_MAPS	0
SMALL_DELETE_40_READ_TICKS	3421
SMALL_DELETE_40_WRITE_TICKS	20750
SMALL_DELETE_40_UPDATE_TICKS	2844
SMALL_DELETE_40_DATA_READ_TICKS	0
SMALL_DELETE_40_DATA_WRITE_TICKS	0
SMALL_DELETE_40_FREE_TREE_NODE_WRITES	80
SMALL_DELETE_40_FREE_TREE_ALLOCATION_BODY_NODE_WRITES	0
SMALL_DELETE_40_FREE_TREE_RESERVE_REFILL_NODE_WRITES	40
SMALL_DELETE_40_FREE_TREE_RESERVE_RETURN_NODE_WRITES	0
SMALL_DELETE_40_FREE_TREE_POST_PUBLISH_PENDING_RECLAIM_NODE_WRITES	0
SMALL_DELETE_40_FREE_TREE_OTHER_NODE_WRITES	40
SMALL_DELETE_40_DIR_TREE_NODE_WRITES	76
SMALL_DELETE_40_INODE_TREE_NODE_WRITES	40
SMALL_DELETE_40_REFCOUNT_TREE_NODE_WRITES	0
SMALL_DELETE_40_OTHER_TREE_NODE_WRITES	0
SMALL_DELETE_40_NODE_CRC_READ_CALLS	48
SMALL_DELETE_40_NODE_CRC_READ_SAMPLES	0
SMALL_DELETE_40_NODE_CRC_READ_SAMPLE_TICKS	0
SMALL_DELETE_40_NODE_CRC_WRITE_CALLS	196
SMALL_DELETE_40_NODE_CRC_WRITE_SAMPLES	3
SMALL_DELETE_40_NODE_CRC_WRITE_SAMPLE_TICKS	127
SMALL_DELETE_40_CLOCK_PAIR_TICKS	0
SMALL_DELETE_40_FREE_TREE_RESERVE_RETURN_CALLS	0
SMALL_DELETE_40_FREE_TREE_RESERVE_RETURN_RUNS	0
SMALL_DELETE_40_FREE_TREE_RESERVE_RETURN_BLOCKS	0
SMALL_DELETE_40_FREE_TREE_RESERVE_RETURN_RUNS_1_BLOCK	0
SMALL_DELETE_40_FREE_TREE_RESERVE_RETURN_RUNS_2_3_BLOCKS	0
SMALL_DELETE_40_FREE_TREE_RESERVE_RETURN_RUNS_4_7_BLOCKS	0
SMALL_DELETE_40_FREE_TREE_RESERVE_RETURN_RUNS_8_PLUS_BLOCKS	0
SMALL_DELETE_40_FREE_TREE_RESERVE_RETURN_MAX_RUN_BLOCKS	0
SMALL_DELETE_40_FREE_TREE_RESERVE_RETURN_MAX_NODE_WRITES_PER_RUN	0
SMALL_DELETE_40_POST_PUBLISH_RECLAIM_PASSES	0
SMALL_DELETE_40_MAX_POST_PUBLISH_RECLAIM_PASSES_PER_COMMIT	0
SMALL_DELETE_40_SUPERBLOCK_PUBLICATIONS	40
SMALL_DELETE_40_FREE_TREE_RESERVE_RETURN_RUN_NODE_WRITES	0
SMALL_DELETE_40_FREE_TREE_RESERVE_RETURN_BATCH_CALLS	0
SMALL_DELETE_40_FREE_TREE_RESERVE_RETURN_BATCH_BLOCKS	0
SMALL_DELETE_40_FREE_TREE_RESERVE_RETURN_BATCH_NODE_WRITES	0
SMALL_DELETE_40_FREE_TREE_RESERVE_RETURN_SKIP_SHAPE	0
SMALL_DELETE_40_FREE_TREE_RESERVE_RETURN_SKIP_SMALL	0
SMALL_DELETE_40_FREE_TREE_RESERVE_RETURN_SKIP_EMERGENCY	0
SMALL_DELETE_40_FREE_TREE_RESERVE_RETURN_SKIP_CAPACITY	0
SMALL_DELETE_40_SEALED_COMMITS	40
SMALL_DELETE_40_SEALED_METADATA_FENCES	40
CLOCK_HZ	709379
CRC_SAMPLE_STRIDE	64
PASS	1
