FS_DEEP_PROFILE	1
DRIVE	DH1:
FRESH_WRITE_US	1385634
FRESH_FLUSH_US	0
FRESH_CLOSE_US	69887
FRESH_BIO_READS	2
FRESH_BIO_WRITES	3529
FRESH_BIO_UPDATES	4
FRESH_DATA_READS	0
FRESH_DATA_WRITES	2048
FRESH_NODE_WRITES	1478
FRESH_TXN_COMMITS	1
FRESH_FREESPACE_ALLOCS	512
FRESH_EXTENT_MAPS	128
FRESH_READ_TICKS	45
FRESH_WRITE_TICKS	103833
FRESH_UPDATE_TICKS	0
FRESH_DATA_READ_TICKS	0
FRESH_DATA_WRITE_TICKS	67020
OVERWRITE_WRITE_US	1250236
OVERWRITE_FLUSH_US	0
OVERWRITE_CLOSE_US	62208
OVERWRITE_BIO_READS	2
OVERWRITE_BIO_WRITES	2911
OVERWRITE_BIO_UPDATES	4
OVERWRITE_DATA_READS	0
OVERWRITE_DATA_WRITES	2048
OVERWRITE_NODE_WRITES	860
OVERWRITE_TXN_COMMITS	1
OVERWRITE_FREESPACE_ALLOCS	256
OVERWRITE_EXTENT_MAPS	0
OVERWRITE_READ_TICKS	0
OVERWRITE_WRITE_TICKS	53619
OVERWRITE_UPDATE_TICKS	45
OVERWRITE_DATA_READ_TICKS	0
OVERWRITE_DATA_WRITE_TICKS	41155
READ_VERIFY_8M_US	644990
READ_BIO_READS	2048
READ_BIO_WRITES	0
READ_BIO_UPDATES	0
READ_DATA_READS	2048
READ_DATA_WRITES	0
READ_NODE_WRITES	0
READ_TXN_COMMITS	0
READ_FREESPACE_ALLOCS	0
READ_EXTENT_MAPS	0
READ_READ_TICKS	14408
READ_WRITE_TICKS	0
READ_UPDATE_TICKS	0
READ_DATA_READ_TICKS	14408
READ_DATA_WRITE_TICKS	0
CLOCK_HZ	709379
PASS	1
