FS_DEEP_COMPARE	4
DRIVE	DH1:
SMALL_CREATE_40_US	2997935
SMALL_CREATE_40_BIO_READS	384
SMALL_CREATE_40_BIO_WRITES	3476
SMALL_CREATE_40_BIO_UPDATES	199
SMALL_CREATE_40_DATA_READS	0
SMALL_CREATE_40_DATA_WRITES	40
SMALL_CREATE_40_NODE_WRITES	3277
SMALL_CREATE_40_TXN_COMMITS	40
SMALL_CREATE_40_FREESPACE_ALLOCS	313
SMALL_CREATE_40_EXTENT_MAPS	40
SMALL_CREATE_40_READ_TICKS	4045
SMALL_CREATE_40_WRITE_TICKS	45324
SMALL_CREATE_40_UPDATE_TICKS	1359
SMALL_CREATE_40_DATA_READ_TICKS	0
SMALL_CREATE_40_DATA_WRITE_TICKS	407
SMALL_CREATE_40_FREE_TREE_NODE_WRITES	3002
SMALL_CREATE_40_DIR_TREE_NODE_WRITES	75
SMALL_CREATE_40_INODE_TREE_NODE_WRITES	160
SMALL_CREATE_40_REFCOUNT_TREE_NODE_WRITES	0
SMALL_CREATE_40_OTHER_TREE_NODE_WRITES	40
SMALL_CREATE_40_NODE_CRC_READ_CALLS	13186
SMALL_CREATE_40_NODE_CRC_READ_SAMPLES	206
SMALL_CREATE_40_NODE_CRC_READ_SAMPLE_TICKS	22540
SMALL_CREATE_40_NODE_CRC_WRITE_CALLS	3277
SMALL_CREATE_40_NODE_CRC_WRITE_SAMPLES	51
SMALL_CREATE_40_NODE_CRC_WRITE_SAMPLE_TICKS	5768
SMALL_CREATE_40_CLOCK_PAIR_TICKS	0
LOOKUP_400_US	295550
LOOKUP_400_BIO_READS	6
LOOKUP_400_BIO_WRITES	0
LOOKUP_400_BIO_UPDATES	0
LOOKUP_400_DATA_READS	0
LOOKUP_400_DATA_WRITES	0
LOOKUP_400_NODE_WRITES	0
LOOKUP_400_TXN_COMMITS	0
LOOKUP_400_FREESPACE_ALLOCS	0
LOOKUP_400_EXTENT_MAPS	0
LOOKUP_400_READ_TICKS	46
LOOKUP_400_WRITE_TICKS	0
LOOKUP_400_UPDATE_TICKS	0
LOOKUP_400_DATA_READ_TICKS	0
LOOKUP_400_DATA_WRITE_TICKS	0
LOOKUP_400_FREE_TREE_NODE_WRITES	0
LOOKUP_400_DIR_TREE_NODE_WRITES	0
LOOKUP_400_INODE_TREE_NODE_WRITES	0
LOOKUP_400_REFCOUNT_TREE_NODE_WRITES	0
LOOKUP_400_OTHER_TREE_NODE_WRITES	0
LOOKUP_400_NODE_CRC_READ_CALLS	1600
LOOKUP_400_NODE_CRC_READ_SAMPLES	25
LOOKUP_400_NODE_CRC_READ_SAMPLE_TICKS	2678
LOOKUP_400_NODE_CRC_WRITE_CALLS	0
LOOKUP_400_NODE_CRC_WRITE_SAMPLES	0
LOOKUP_400_NODE_CRC_WRITE_SAMPLE_TICKS	0
LOOKUP_400_CLOCK_PAIR_TICKS	0
SMALL_READ_40_US	91008
SMALL_READ_40_BIO_READS	82
SMALL_READ_40_BIO_WRITES	0
SMALL_READ_40_BIO_UPDATES	0
SMALL_READ_40_DATA_READS	40
SMALL_READ_40_DATA_WRITES	0
SMALL_READ_40_NODE_WRITES	0
SMALL_READ_40_TXN_COMMITS	0
SMALL_READ_40_FREESPACE_ALLOCS	0
SMALL_READ_40_EXTENT_MAPS	0
SMALL_READ_40_READ_TICKS	680
SMALL_READ_40_WRITE_TICKS	0
SMALL_READ_40_UPDATE_TICKS	0
SMALL_READ_40_DATA_READ_TICKS	271
SMALL_READ_40_DATA_WRITE_TICKS	0
SMALL_READ_40_FREE_TREE_NODE_WRITES	0
SMALL_READ_40_DIR_TREE_NODE_WRITES	0
SMALL_READ_40_INODE_TREE_NODE_WRITES	0
SMALL_READ_40_REFCOUNT_TREE_NODE_WRITES	0
SMALL_READ_40_OTHER_TREE_NODE_WRITES	0
SMALL_READ_40_NODE_CRC_READ_CALLS	480
SMALL_READ_40_NODE_CRC_READ_SAMPLES	7
SMALL_READ_40_NODE_CRC_READ_SAMPLE_TICKS	735
SMALL_READ_40_NODE_CRC_WRITE_CALLS	0
SMALL_READ_40_NODE_CRC_WRITE_SAMPLES	0
SMALL_READ_40_NODE_CRC_WRITE_SAMPLE_TICKS	0
SMALL_READ_40_CLOCK_PAIR_TICKS	0
SEQ_WRITE_8M_US	1253239
SEQ_WRITE_8M_BIO_READS	22
SEQ_WRITE_8M_BIO_WRITES	1606
SEQ_WRITE_8M_BIO_UPDATES	5
SEQ_WRITE_8M_DATA_READS	0
SEQ_WRITE_8M_DATA_WRITES	128
SEQ_WRITE_8M_NODE_WRITES	1474
SEQ_WRITE_8M_TXN_COMMITS	1
SEQ_WRITE_8M_FREESPACE_ALLOCS	516
SEQ_WRITE_8M_EXTENT_MAPS	128
SEQ_WRITE_8M_READ_TICKS	91
SEQ_WRITE_8M_WRITE_TICKS	52497
SEQ_WRITE_8M_UPDATE_TICKS	0
SEQ_WRITE_8M_DATA_READ_TICKS	0
SEQ_WRITE_8M_DATA_WRITE_TICKS	35000
SEQ_WRITE_8M_FREE_TREE_NODE_WRITES	1086
SEQ_WRITE_8M_DIR_TREE_NODE_WRITES	2
SEQ_WRITE_8M_INODE_TREE_NODE_WRITES	258
SEQ_WRITE_8M_REFCOUNT_TREE_NODE_WRITES	0
SEQ_WRITE_8M_OTHER_TREE_NODE_WRITES	128
SEQ_WRITE_8M_NODE_CRC_READ_CALLS	5001
SEQ_WRITE_8M_NODE_CRC_READ_SAMPLES	78
SEQ_WRITE_8M_NODE_CRC_READ_SAMPLE_TICKS	8531
SEQ_WRITE_8M_NODE_CRC_WRITE_CALLS	1474
SEQ_WRITE_8M_NODE_CRC_WRITE_SAMPLES	23
SEQ_WRITE_8M_NODE_CRC_WRITE_SAMPLE_TICKS	2566
SEQ_WRITE_8M_CLOCK_PAIR_TICKS	0
SEQ_READ_8M_US	672765
SEQ_READ_8M_BIO_READS	2050
SEQ_READ_8M_BIO_WRITES	0
SEQ_READ_8M_BIO_UPDATES	0
SEQ_READ_8M_DATA_READS	2048
SEQ_READ_8M_DATA_WRITES	0
SEQ_READ_8M_NODE_WRITES	0
SEQ_READ_8M_TXN_COMMITS	0
SEQ_READ_8M_FREESPACE_ALLOCS	0
SEQ_READ_8M_EXTENT_MAPS	0
SEQ_READ_8M_READ_TICKS	36560
SEQ_READ_8M_WRITE_TICKS	0
SEQ_READ_8M_UPDATE_TICKS	0
SEQ_READ_8M_DATA_READ_TICKS	36560
SEQ_READ_8M_DATA_WRITE_TICKS	0
SEQ_READ_8M_FREE_TREE_NODE_WRITES	0
SEQ_READ_8M_DIR_TREE_NODE_WRITES	0
SEQ_READ_8M_INODE_TREE_NODE_WRITES	0
SEQ_READ_8M_REFCOUNT_TREE_NODE_WRITES	0
SEQ_READ_8M_OTHER_TREE_NODE_WRITES	0
SEQ_READ_8M_NODE_CRC_READ_CALLS	2311
SEQ_READ_8M_NODE_CRC_READ_SAMPLES	36
SEQ_READ_8M_NODE_CRC_READ_SAMPLE_TICKS	4159
SEQ_READ_8M_NODE_CRC_WRITE_CALLS	0
SEQ_READ_8M_NODE_CRC_WRITE_SAMPLES	0
SEQ_READ_8M_NODE_CRC_WRITE_SAMPLE_TICKS	0
SEQ_READ_8M_CLOCK_PAIR_TICKS	0
SMALL_DELETE_40_US	2907759
SMALL_DELETE_40_BIO_READS	417
SMALL_DELETE_40_BIO_WRITES	3115
SMALL_DELETE_40_BIO_UPDATES	200
SMALL_DELETE_40_DATA_READS	0
SMALL_DELETE_40_DATA_WRITES	0
SMALL_DELETE_40_NODE_WRITES	2955
SMALL_DELETE_40_TXN_COMMITS	40
SMALL_DELETE_40_FREESPACE_ALLOCS	116
SMALL_DELETE_40_EXTENT_MAPS	0
SMALL_DELETE_40_READ_TICKS	4314
SMALL_DELETE_40_WRITE_TICKS	43238
SMALL_DELETE_40_UPDATE_TICKS	1671
SMALL_DELETE_40_DATA_READ_TICKS	0
SMALL_DELETE_40_DATA_WRITE_TICKS	0
SMALL_DELETE_40_FREE_TREE_NODE_WRITES	2839
SMALL_DELETE_40_DIR_TREE_NODE_WRITES	76
SMALL_DELETE_40_INODE_TREE_NODE_WRITES	40
SMALL_DELETE_40_REFCOUNT_TREE_NODE_WRITES	0
SMALL_DELETE_40_OTHER_TREE_NODE_WRITES	0
SMALL_DELETE_40_NODE_CRC_READ_CALLS	12631
SMALL_DELETE_40_NODE_CRC_READ_SAMPLES	197
SMALL_DELETE_40_NODE_CRC_READ_SAMPLE_TICKS	22503
SMALL_DELETE_40_NODE_CRC_WRITE_CALLS	2955
SMALL_DELETE_40_NODE_CRC_WRITE_SAMPLES	46
SMALL_DELETE_40_NODE_CRC_WRITE_SAMPLE_TICKS	5186
SMALL_DELETE_40_CLOCK_PAIR_TICKS	0
CLOCK_HZ	709379
CRC_SAMPLE_STRIDE	64
PASS	1
