FS_DEEP_COMPARE	15
DRIVE	DH2:
SMALL_CREATE_40_US	16511
LOOKUP_400_US	67328
SMALL_READ_40_US	14528
SEQ_WRITE_8M_US	40897
SEQ_READ_8M_US	258303
SMALL_DELETE_40_US	7937
APPEND_4K_1M_US	34240
APPEND_1K_256K_US	24256
APPEND_READ_1280K_US	41024
LIST_EXNEXT_40_ENTRIES_FIRST_PASS_US	1792
LIST_EXNEXT_40_ENTRIES_REPEAT10_TOTAL_US	11905
LIST_EXALL_40_ENTRIES_FIRST_PASS_US	575
LIST_EXALL_40_ENTRIES_REPEAT10_TOTAL_US	2560
LIST_EXNEXT_400_ENTRIES_FIRST_PASS_US	12928
LIST_EXNEXT_400_ENTRIES_REPEAT10_TOTAL_US	129151
LIST_EXALL_400_ENTRIES_FIRST_PASS_US	5311
LIST_EXALL_400_ENTRIES_REPEAT10_TOTAL_US	56513
LIST_EXNEXT_1000_ENTRIES_FIRST_PASS_US	47808
LIST_EXNEXT_1000_ENTRIES_REPEAT10_TOTAL_US	287998
LIST_EXALL_1000_ENTRIES_FIRST_PASS_US	7360
LIST_EXALL_1000_ENTRIES_REPEAT10_TOTAL_US	50559
PASS	1
