FS_DURABLE_COMPARE	4
DRIVE	DH2:
SMALL_CREATE_40_US	18934
LOOKUP_400_US	67903
SMALL_READ_40_US	16320
LIST_EXNEXT_400_US	16192
LIST_EXALL_400_US	2560
SEQ_WRITE_8M_US	44608
SEQ_READ_8M_US	289661
SMALL_DELETE_40_US	9056
APPEND_4K_1M_US	34688
APPEND_1K_256K_US	24705
APPEND_READ_1280K_US	40959
LIST_EXNEXT_40_ENTRIES_FIRST_PASS_US	1856
LIST_EXNEXT_40_ENTRIES_REPEAT10_TOTAL_US	12094
LIST_EXALL_40_ENTRIES_FIRST_PASS_US	577
LIST_EXALL_40_ENTRIES_REPEAT10_TOTAL_US	2495
LIST_EXNEXT_400_ENTRIES_FIRST_PASS_US	13440
LIST_EXNEXT_400_ENTRIES_REPEAT10_TOTAL_US	113856
LIST_EXALL_400_ENTRIES_FIRST_PASS_US	2943
LIST_EXALL_400_ENTRIES_REPEAT10_TOTAL_US	20672
LIST_EXNEXT_1000_ENTRIES_FIRST_PASS_US	33920
LIST_EXNEXT_1000_ENTRIES_REPEAT10_TOTAL_US	325630
LIST_EXALL_1000_ENTRIES_FIRST_PASS_US	6463
LIST_EXALL_1000_ENTRIES_REPEAT10_TOTAL_US	51456
PASS	1
