FS_SPLIT_COMPARE	1
DRIVE	DH2:
DURABLE_MODE	1
PROBE_ENABLED	0
SMALL_CREATE_40_US	24846
SMALL_CREATE_40_WORK_US	24398
SMALL_CREATE_40_VOLUME_FLUSH_US	448
SMALL_CREATE_40_HAS_VOLUME_FLUSH	1
SMALL_CREATE_40_GUEST_OPEN_CALLS	40
SMALL_CREATE_40_GUEST_OPEN_US	12361
SMALL_CREATE_40_GUEST_READ_CALLS	0
SMALL_CREATE_40_GUEST_READ_US	0
SMALL_CREATE_40_GUEST_WRITE_CALLS	40
SMALL_CREATE_40_GUEST_WRITE_US	6858
SMALL_CREATE_40_GUEST_HANDLE_FLUSH_CALLS	40
SMALL_CREATE_40_GUEST_HANDLE_FLUSH_US	507
SMALL_CREATE_40_GUEST_CLOSE_CALLS	40
SMALL_CREATE_40_GUEST_CLOSE_US	3016
SMALL_CREATE_40_GUEST_VERIFY_CALLS	0
SMALL_CREATE_40_GUEST_VERIFY_US	0
LOOKUP_400_US	67263
LOOKUP_400_WORK_US	67263
LOOKUP_400_VOLUME_FLUSH_US	0
LOOKUP_400_HAS_VOLUME_FLUSH	0
LOOKUP_400_GUEST_OPEN_CALLS	0
LOOKUP_400_GUEST_OPEN_US	0
LOOKUP_400_GUEST_READ_CALLS	0
LOOKUP_400_GUEST_READ_US	0
LOOKUP_400_GUEST_WRITE_CALLS	0
LOOKUP_400_GUEST_WRITE_US	0
LOOKUP_400_GUEST_HANDLE_FLUSH_CALLS	0
LOOKUP_400_GUEST_HANDLE_FLUSH_US	0
LOOKUP_400_GUEST_CLOSE_CALLS	0
LOOKUP_400_GUEST_CLOSE_US	0
LOOKUP_400_GUEST_VERIFY_CALLS	0
LOOKUP_400_GUEST_VERIFY_US	0
SMALL_READ_40_US	16192
SMALL_READ_40_WORK_US	16192
SMALL_READ_40_VOLUME_FLUSH_US	0
SMALL_READ_40_HAS_VOLUME_FLUSH	0
SMALL_READ_40_GUEST_OPEN_CALLS	40
SMALL_READ_40_GUEST_OPEN_US	6912
SMALL_READ_40_GUEST_READ_CALLS	80
SMALL_READ_40_GUEST_READ_US	4434
SMALL_READ_40_GUEST_WRITE_CALLS	0
SMALL_READ_40_GUEST_WRITE_US	0
SMALL_READ_40_GUEST_HANDLE_FLUSH_CALLS	0
SMALL_READ_40_GUEST_HANDLE_FLUSH_US	0
SMALL_READ_40_GUEST_CLOSE_CALLS	40
SMALL_READ_40_GUEST_CLOSE_US	1939
SMALL_READ_40_GUEST_VERIFY_CALLS	40
SMALL_READ_40_GUEST_VERIFY_US	1465
LIST_EXNEXT_400_US	11776
LIST_EXNEXT_400_WORK_US	11776
LIST_EXNEXT_400_VOLUME_FLUSH_US	0
LIST_EXNEXT_400_HAS_VOLUME_FLUSH	0
LIST_EXNEXT_400_GUEST_OPEN_CALLS	0
LIST_EXNEXT_400_GUEST_OPEN_US	0
LIST_EXNEXT_400_GUEST_READ_CALLS	0
LIST_EXNEXT_400_GUEST_READ_US	0
LIST_EXNEXT_400_GUEST_WRITE_CALLS	0
LIST_EXNEXT_400_GUEST_WRITE_US	0
LIST_EXNEXT_400_GUEST_HANDLE_FLUSH_CALLS	0
LIST_EXNEXT_400_GUEST_HANDLE_FLUSH_US	0
LIST_EXNEXT_400_GUEST_CLOSE_CALLS	0
LIST_EXNEXT_400_GUEST_CLOSE_US	0
LIST_EXNEXT_400_GUEST_VERIFY_CALLS	0
LIST_EXNEXT_400_GUEST_VERIFY_US	0
LIST_EXALL_400_US	2432
LIST_EXALL_400_WORK_US	2432
LIST_EXALL_400_VOLUME_FLUSH_US	0
LIST_EXALL_400_HAS_VOLUME_FLUSH	0
LIST_EXALL_400_GUEST_OPEN_CALLS	0
LIST_EXALL_400_GUEST_OPEN_US	0
LIST_EXALL_400_GUEST_READ_CALLS	0
LIST_EXALL_400_GUEST_READ_US	0
LIST_EXALL_400_GUEST_WRITE_CALLS	0
LIST_EXALL_400_GUEST_WRITE_US	0
LIST_EXALL_400_GUEST_HANDLE_FLUSH_CALLS	0
LIST_EXALL_400_GUEST_HANDLE_FLUSH_US	0
LIST_EXALL_400_GUEST_CLOSE_CALLS	0
LIST_EXALL_400_GUEST_CLOSE_US	0
LIST_EXALL_400_GUEST_VERIFY_CALLS	0
LIST_EXALL_400_GUEST_VERIFY_US	0
SEQ_WRITE_8M_US	41856
SEQ_WRITE_8M_WORK_US	41345
SEQ_WRITE_8M_VOLUME_FLUSH_US	511
SEQ_WRITE_8M_HAS_VOLUME_FLUSH	1
SEQ_WRITE_8M_GUEST_OPEN_CALLS	1
SEQ_WRITE_8M_GUEST_OPEN_US	255
SEQ_WRITE_8M_GUEST_READ_CALLS	0
SEQ_WRITE_8M_GUEST_READ_US	0
SEQ_WRITE_8M_GUEST_WRITE_CALLS	128
SEQ_WRITE_8M_GUEST_WRITE_US	40198
SEQ_WRITE_8M_GUEST_HANDLE_FLUSH_CALLS	1
SEQ_WRITE_8M_GUEST_HANDLE_FLUSH_US	0
SEQ_WRITE_8M_GUEST_CLOSE_CALLS	1
SEQ_WRITE_8M_GUEST_CLOSE_US	65
SEQ_WRITE_8M_GUEST_VERIFY_CALLS	0
SEQ_WRITE_8M_GUEST_VERIFY_US	0
SEQ_READ_8M_US	262398
SEQ_READ_8M_WORK_US	262398
SEQ_READ_8M_VOLUME_FLUSH_US	0
SEQ_READ_8M_HAS_VOLUME_FLUSH	0
SEQ_READ_8M_GUEST_OPEN_CALLS	1
SEQ_READ_8M_GUEST_OPEN_US	255
SEQ_READ_8M_GUEST_READ_CALLS	129
SEQ_READ_8M_GUEST_READ_US	22107
SEQ_READ_8M_GUEST_WRITE_CALLS	0
SEQ_READ_8M_GUEST_WRITE_US	0
SEQ_READ_8M_GUEST_HANDLE_FLUSH_CALLS	0
SEQ_READ_8M_GUEST_HANDLE_FLUSH_US	0
SEQ_READ_8M_GUEST_CLOSE_CALLS	1
SEQ_READ_8M_GUEST_CLOSE_US	65
SEQ_READ_8M_GUEST_VERIFY_CALLS	128
SEQ_READ_8M_GUEST_VERIFY_US	237547
SMALL_DELETE_40_US	8832
SMALL_DELETE_40_WORK_US	7937
SMALL_DELETE_40_VOLUME_FLUSH_US	895
SMALL_DELETE_40_HAS_VOLUME_FLUSH	1
SMALL_DELETE_40_GUEST_OPEN_CALLS	0
SMALL_DELETE_40_GUEST_OPEN_US	0
SMALL_DELETE_40_GUEST_READ_CALLS	0
SMALL_DELETE_40_GUEST_READ_US	0
SMALL_DELETE_40_GUEST_WRITE_CALLS	0
SMALL_DELETE_40_GUEST_WRITE_US	0
SMALL_DELETE_40_GUEST_HANDLE_FLUSH_CALLS	0
SMALL_DELETE_40_GUEST_HANDLE_FLUSH_US	0
SMALL_DELETE_40_GUEST_CLOSE_CALLS	0
SMALL_DELETE_40_GUEST_CLOSE_US	0
SMALL_DELETE_40_GUEST_VERIFY_CALLS	0
SMALL_DELETE_40_GUEST_VERIFY_US	0
APPEND_4K_1M_US	42720
APPEND_4K_1M_WORK_US	42175
APPEND_4K_1M_VOLUME_FLUSH_US	545
APPEND_4K_1M_HAS_VOLUME_FLUSH	1
APPEND_4K_1M_GUEST_OPEN_CALLS	1
APPEND_4K_1M_GUEST_OPEN_US	385
APPEND_4K_1M_GUEST_READ_CALLS	0
APPEND_4K_1M_GUEST_READ_US	0
APPEND_4K_1M_GUEST_WRITE_CALLS	256
APPEND_4K_1M_GUEST_WRITE_US	39008
APPEND_4K_1M_GUEST_HANDLE_FLUSH_CALLS	1
APPEND_4K_1M_GUEST_HANDLE_FLUSH_US	0
APPEND_4K_1M_GUEST_CLOSE_CALLS	1
APPEND_4K_1M_GUEST_CLOSE_US	127
APPEND_4K_1M_GUEST_VERIFY_CALLS	0
APPEND_4K_1M_GUEST_VERIFY_US	0
APPEND_1K_256K_US	29633
APPEND_1K_256K_WORK_US	29248
APPEND_1K_256K_VOLUME_FLUSH_US	385
APPEND_1K_256K_HAS_VOLUME_FLUSH	1
APPEND_1K_256K_GUEST_OPEN_CALLS	1
APPEND_1K_256K_GUEST_OPEN_US	513
APPEND_1K_256K_GUEST_READ_CALLS	0
APPEND_1K_256K_GUEST_READ_US	0
APPEND_1K_256K_GUEST_WRITE_CALLS	256
APPEND_1K_256K_GUEST_WRITE_US	26828
APPEND_1K_256K_GUEST_HANDLE_FLUSH_CALLS	1
APPEND_1K_256K_GUEST_HANDLE_FLUSH_US	0
APPEND_1K_256K_GUEST_CLOSE_CALLS	1
APPEND_1K_256K_GUEST_CLOSE_US	63
APPEND_1K_256K_GUEST_VERIFY_CALLS	0
APPEND_1K_256K_GUEST_VERIFY_US	0
APPEND_READ_1280K_US	41920
APPEND_READ_1280K_WORK_US	41920
APPEND_READ_1280K_VOLUME_FLUSH_US	0
APPEND_READ_1280K_HAS_VOLUME_FLUSH	0
APPEND_READ_1280K_GUEST_OPEN_CALLS	2
APPEND_READ_1280K_GUEST_OPEN_US	512
APPEND_READ_1280K_GUEST_READ_CALLS	22
APPEND_READ_1280K_GUEST_READ_US	4163
APPEND_READ_1280K_GUEST_WRITE_CALLS	0
APPEND_READ_1280K_GUEST_WRITE_US	0
APPEND_READ_1280K_GUEST_HANDLE_FLUSH_CALLS	0
APPEND_READ_1280K_GUEST_HANDLE_FLUSH_US	0
APPEND_READ_1280K_GUEST_CLOSE_CALLS	2
APPEND_READ_1280K_GUEST_CLOSE_US	0
APPEND_READ_1280K_GUEST_VERIFY_CALLS	20
APPEND_READ_1280K_GUEST_VERIFY_US	37037
LIST_EXNEXT_40_ENTRIES_FIRST_PASS_US	1663
LIST_EXNEXT_40_ENTRIES_FIRST_PASS_WORK_US	1663
LIST_EXNEXT_40_ENTRIES_FIRST_PASS_VOLUME_FLUSH_US	0
LIST_EXNEXT_40_ENTRIES_FIRST_PASS_HAS_VOLUME_FLUSH	0
LIST_EXNEXT_40_ENTRIES_FIRST_PASS_GUEST_OPEN_CALLS	0
LIST_EXNEXT_40_ENTRIES_FIRST_PASS_GUEST_OPEN_US	0
LIST_EXNEXT_40_ENTRIES_FIRST_PASS_GUEST_READ_CALLS	0
LIST_EXNEXT_40_ENTRIES_FIRST_PASS_GUEST_READ_US	0
LIST_EXNEXT_40_ENTRIES_FIRST_PASS_GUEST_WRITE_CALLS	0
LIST_EXNEXT_40_ENTRIES_FIRST_PASS_GUEST_WRITE_US	0
LIST_EXNEXT_40_ENTRIES_FIRST_PASS_GUEST_HANDLE_FLUSH_CALLS	0
LIST_EXNEXT_40_ENTRIES_FIRST_PASS_GUEST_HANDLE_FLUSH_US	0
LIST_EXNEXT_40_ENTRIES_FIRST_PASS_GUEST_CLOSE_CALLS	0
LIST_EXNEXT_40_ENTRIES_FIRST_PASS_GUEST_CLOSE_US	0
LIST_EXNEXT_40_ENTRIES_FIRST_PASS_GUEST_VERIFY_CALLS	0
LIST_EXNEXT_40_ENTRIES_FIRST_PASS_GUEST_VERIFY_US	0
LIST_EXNEXT_40_ENTRIES_REPEAT10_TOTAL_US	11775
LIST_EXNEXT_40_ENTRIES_REPEAT10_TOTAL_WORK_US	11775
LIST_EXNEXT_40_ENTRIES_REPEAT10_TOTAL_VOLUME_FLUSH_US	0
LIST_EXNEXT_40_ENTRIES_REPEAT10_TOTAL_HAS_VOLUME_FLUSH	0
LIST_EXNEXT_40_ENTRIES_REPEAT10_TOTAL_GUEST_OPEN_CALLS	0
LIST_EXNEXT_40_ENTRIES_REPEAT10_TOTAL_GUEST_OPEN_US	0
LIST_EXNEXT_40_ENTRIES_REPEAT10_TOTAL_GUEST_READ_CALLS	0
LIST_EXNEXT_40_ENTRIES_REPEAT10_TOTAL_GUEST_READ_US	0
LIST_EXNEXT_40_ENTRIES_REPEAT10_TOTAL_GUEST_WRITE_CALLS	0
LIST_EXNEXT_40_ENTRIES_REPEAT10_TOTAL_GUEST_WRITE_US	0
LIST_EXNEXT_40_ENTRIES_REPEAT10_TOTAL_GUEST_HANDLE_FLUSH_CALLS	0
LIST_EXNEXT_40_ENTRIES_REPEAT10_TOTAL_GUEST_HANDLE_FLUSH_US	0
LIST_EXNEXT_40_ENTRIES_REPEAT10_TOTAL_GUEST_CLOSE_CALLS	0
LIST_EXNEXT_40_ENTRIES_REPEAT10_TOTAL_GUEST_CLOSE_US	0
LIST_EXNEXT_40_ENTRIES_REPEAT10_TOTAL_GUEST_VERIFY_CALLS	0
LIST_EXNEXT_40_ENTRIES_REPEAT10_TOTAL_GUEST_VERIFY_US	0
LIST_EXALL_40_ENTRIES_FIRST_PASS_US	513
LIST_EXALL_40_ENTRIES_FIRST_PASS_WORK_US	513
LIST_EXALL_40_ENTRIES_FIRST_PASS_VOLUME_FLUSH_US	0
LIST_EXALL_40_ENTRIES_FIRST_PASS_HAS_VOLUME_FLUSH	0
LIST_EXALL_40_ENTRIES_FIRST_PASS_GUEST_OPEN_CALLS	0
LIST_EXALL_40_ENTRIES_FIRST_PASS_GUEST_OPEN_US	0
LIST_EXALL_40_ENTRIES_FIRST_PASS_GUEST_READ_CALLS	0
LIST_EXALL_40_ENTRIES_FIRST_PASS_GUEST_READ_US	0
LIST_EXALL_40_ENTRIES_FIRST_PASS_GUEST_WRITE_CALLS	0
LIST_EXALL_40_ENTRIES_FIRST_PASS_GUEST_WRITE_US	0
LIST_EXALL_40_ENTRIES_FIRST_PASS_GUEST_HANDLE_FLUSH_CALLS	0
LIST_EXALL_40_ENTRIES_FIRST_PASS_GUEST_HANDLE_FLUSH_US	0
LIST_EXALL_40_ENTRIES_FIRST_PASS_GUEST_CLOSE_CALLS	0
LIST_EXALL_40_ENTRIES_FIRST_PASS_GUEST_CLOSE_US	0
LIST_EXALL_40_ENTRIES_FIRST_PASS_GUEST_VERIFY_CALLS	0
LIST_EXALL_40_ENTRIES_FIRST_PASS_GUEST_VERIFY_US	0
LIST_EXALL_40_ENTRIES_REPEAT10_TOTAL_US	2559
LIST_EXALL_40_ENTRIES_REPEAT10_TOTAL_WORK_US	2559
LIST_EXALL_40_ENTRIES_REPEAT10_TOTAL_VOLUME_FLUSH_US	0
LIST_EXALL_40_ENTRIES_REPEAT10_TOTAL_HAS_VOLUME_FLUSH	0
LIST_EXALL_40_ENTRIES_REPEAT10_TOTAL_GUEST_OPEN_CALLS	0
LIST_EXALL_40_ENTRIES_REPEAT10_TOTAL_GUEST_OPEN_US	0
LIST_EXALL_40_ENTRIES_REPEAT10_TOTAL_GUEST_READ_CALLS	0
LIST_EXALL_40_ENTRIES_REPEAT10_TOTAL_GUEST_READ_US	0
LIST_EXALL_40_ENTRIES_REPEAT10_TOTAL_GUEST_WRITE_CALLS	0
LIST_EXALL_40_ENTRIES_REPEAT10_TOTAL_GUEST_WRITE_US	0
LIST_EXALL_40_ENTRIES_REPEAT10_TOTAL_GUEST_HANDLE_FLUSH_CALLS	0
LIST_EXALL_40_ENTRIES_REPEAT10_TOTAL_GUEST_HANDLE_FLUSH_US	0
LIST_EXALL_40_ENTRIES_REPEAT10_TOTAL_GUEST_CLOSE_CALLS	0
LIST_EXALL_40_ENTRIES_REPEAT10_TOTAL_GUEST_CLOSE_US	0
LIST_EXALL_40_ENTRIES_REPEAT10_TOTAL_GUEST_VERIFY_CALLS	0
LIST_EXALL_40_ENTRIES_REPEAT10_TOTAL_GUEST_VERIFY_US	0
LIST_EXNEXT_400_ENTRIES_FIRST_PASS_US	12480
LIST_EXNEXT_400_ENTRIES_FIRST_PASS_WORK_US	12480
LIST_EXNEXT_400_ENTRIES_FIRST_PASS_VOLUME_FLUSH_US	0
LIST_EXNEXT_400_ENTRIES_FIRST_PASS_HAS_VOLUME_FLUSH	0
LIST_EXNEXT_400_ENTRIES_FIRST_PASS_GUEST_OPEN_CALLS	0
LIST_EXNEXT_400_ENTRIES_FIRST_PASS_GUEST_OPEN_US	0
LIST_EXNEXT_400_ENTRIES_FIRST_PASS_GUEST_READ_CALLS	0
LIST_EXNEXT_400_ENTRIES_FIRST_PASS_GUEST_READ_US	0
LIST_EXNEXT_400_ENTRIES_FIRST_PASS_GUEST_WRITE_CALLS	0
LIST_EXNEXT_400_ENTRIES_FIRST_PASS_GUEST_WRITE_US	0
LIST_EXNEXT_400_ENTRIES_FIRST_PASS_GUEST_HANDLE_FLUSH_CALLS	0
LIST_EXNEXT_400_ENTRIES_FIRST_PASS_GUEST_HANDLE_FLUSH_US	0
LIST_EXNEXT_400_ENTRIES_FIRST_PASS_GUEST_CLOSE_CALLS	0
LIST_EXNEXT_400_ENTRIES_FIRST_PASS_GUEST_CLOSE_US	0
LIST_EXNEXT_400_ENTRIES_FIRST_PASS_GUEST_VERIFY_CALLS	0
LIST_EXNEXT_400_ENTRIES_FIRST_PASS_GUEST_VERIFY_US	0
LIST_EXNEXT_400_ENTRIES_REPEAT10_TOTAL_US	120768
LIST_EXNEXT_400_ENTRIES_REPEAT10_TOTAL_WORK_US	120768
LIST_EXNEXT_400_ENTRIES_REPEAT10_TOTAL_VOLUME_FLUSH_US	0
LIST_EXNEXT_400_ENTRIES_REPEAT10_TOTAL_HAS_VOLUME_FLUSH	0
LIST_EXNEXT_400_ENTRIES_REPEAT10_TOTAL_GUEST_OPEN_CALLS	0
LIST_EXNEXT_400_ENTRIES_REPEAT10_TOTAL_GUEST_OPEN_US	0
LIST_EXNEXT_400_ENTRIES_REPEAT10_TOTAL_GUEST_READ_CALLS	0
LIST_EXNEXT_400_ENTRIES_REPEAT10_TOTAL_GUEST_READ_US	0
LIST_EXNEXT_400_ENTRIES_REPEAT10_TOTAL_GUEST_WRITE_CALLS	0
LIST_EXNEXT_400_ENTRIES_REPEAT10_TOTAL_GUEST_WRITE_US	0
LIST_EXNEXT_400_ENTRIES_REPEAT10_TOTAL_GUEST_HANDLE_FLUSH_CALLS	0
LIST_EXNEXT_400_ENTRIES_REPEAT10_TOTAL_GUEST_HANDLE_FLUSH_US	0
LIST_EXNEXT_400_ENTRIES_REPEAT10_TOTAL_GUEST_CLOSE_CALLS	0
LIST_EXNEXT_400_ENTRIES_REPEAT10_TOTAL_GUEST_CLOSE_US	0
LIST_EXNEXT_400_ENTRIES_REPEAT10_TOTAL_GUEST_VERIFY_CALLS	0
LIST_EXNEXT_400_ENTRIES_REPEAT10_TOTAL_GUEST_VERIFY_US	0
LIST_EXALL_400_ENTRIES_FIRST_PASS_US	2880
LIST_EXALL_400_ENTRIES_FIRST_PASS_WORK_US	2880
LIST_EXALL_400_ENTRIES_FIRST_PASS_VOLUME_FLUSH_US	0
LIST_EXALL_400_ENTRIES_FIRST_PASS_HAS_VOLUME_FLUSH	0
LIST_EXALL_400_ENTRIES_FIRST_PASS_GUEST_OPEN_CALLS	0
LIST_EXALL_400_ENTRIES_FIRST_PASS_GUEST_OPEN_US	0
LIST_EXALL_400_ENTRIES_FIRST_PASS_GUEST_READ_CALLS	0
LIST_EXALL_400_ENTRIES_FIRST_PASS_GUEST_READ_US	0
LIST_EXALL_400_ENTRIES_FIRST_PASS_GUEST_WRITE_CALLS	0
LIST_EXALL_400_ENTRIES_FIRST_PASS_GUEST_WRITE_US	0
LIST_EXALL_400_ENTRIES_FIRST_PASS_GUEST_HANDLE_FLUSH_CALLS	0
LIST_EXALL_400_ENTRIES_FIRST_PASS_GUEST_HANDLE_FLUSH_US	0
LIST_EXALL_400_ENTRIES_FIRST_PASS_GUEST_CLOSE_CALLS	0
LIST_EXALL_400_ENTRIES_FIRST_PASS_GUEST_CLOSE_US	0
LIST_EXALL_400_ENTRIES_FIRST_PASS_GUEST_VERIFY_CALLS	0
LIST_EXALL_400_ENTRIES_FIRST_PASS_GUEST_VERIFY_US	0
LIST_EXALL_400_ENTRIES_REPEAT10_TOTAL_US	20608
LIST_EXALL_400_ENTRIES_REPEAT10_TOTAL_WORK_US	20608
LIST_EXALL_400_ENTRIES_REPEAT10_TOTAL_VOLUME_FLUSH_US	0
LIST_EXALL_400_ENTRIES_REPEAT10_TOTAL_HAS_VOLUME_FLUSH	0
LIST_EXALL_400_ENTRIES_REPEAT10_TOTAL_GUEST_OPEN_CALLS	0
LIST_EXALL_400_ENTRIES_REPEAT10_TOTAL_GUEST_OPEN_US	0
LIST_EXALL_400_ENTRIES_REPEAT10_TOTAL_GUEST_READ_CALLS	0
LIST_EXALL_400_ENTRIES_REPEAT10_TOTAL_GUEST_READ_US	0
LIST_EXALL_400_ENTRIES_REPEAT10_TOTAL_GUEST_WRITE_CALLS	0
LIST_EXALL_400_ENTRIES_REPEAT10_TOTAL_GUEST_WRITE_US	0
LIST_EXALL_400_ENTRIES_REPEAT10_TOTAL_GUEST_HANDLE_FLUSH_CALLS	0
LIST_EXALL_400_ENTRIES_REPEAT10_TOTAL_GUEST_HANDLE_FLUSH_US	0
LIST_EXALL_400_ENTRIES_REPEAT10_TOTAL_GUEST_CLOSE_CALLS	0
LIST_EXALL_400_ENTRIES_REPEAT10_TOTAL_GUEST_CLOSE_US	0
LIST_EXALL_400_ENTRIES_REPEAT10_TOTAL_GUEST_VERIFY_CALLS	0
LIST_EXALL_400_ENTRIES_REPEAT10_TOTAL_GUEST_VERIFY_US	0
LIST_EXNEXT_1000_ENTRIES_FIRST_PASS_US	31230
LIST_EXNEXT_1000_ENTRIES_FIRST_PASS_WORK_US	31230
LIST_EXNEXT_1000_ENTRIES_FIRST_PASS_VOLUME_FLUSH_US	0
LIST_EXNEXT_1000_ENTRIES_FIRST_PASS_HAS_VOLUME_FLUSH	0
LIST_EXNEXT_1000_ENTRIES_FIRST_PASS_GUEST_OPEN_CALLS	0
LIST_EXNEXT_1000_ENTRIES_FIRST_PASS_GUEST_OPEN_US	0
LIST_EXNEXT_1000_ENTRIES_FIRST_PASS_GUEST_READ_CALLS	0
LIST_EXNEXT_1000_ENTRIES_FIRST_PASS_GUEST_READ_US	0
LIST_EXNEXT_1000_ENTRIES_FIRST_PASS_GUEST_WRITE_CALLS	0
LIST_EXNEXT_1000_ENTRIES_FIRST_PASS_GUEST_WRITE_US	0
LIST_EXNEXT_1000_ENTRIES_FIRST_PASS_GUEST_HANDLE_FLUSH_CALLS	0
LIST_EXNEXT_1000_ENTRIES_FIRST_PASS_GUEST_HANDLE_FLUSH_US	0
LIST_EXNEXT_1000_ENTRIES_FIRST_PASS_GUEST_CLOSE_CALLS	0
LIST_EXNEXT_1000_ENTRIES_FIRST_PASS_GUEST_CLOSE_US	0
LIST_EXNEXT_1000_ENTRIES_FIRST_PASS_GUEST_VERIFY_CALLS	0
LIST_EXNEXT_1000_ENTRIES_FIRST_PASS_GUEST_VERIFY_US	0
LIST_EXNEXT_1000_ENTRIES_REPEAT10_TOTAL_US	277885
LIST_EXNEXT_1000_ENTRIES_REPEAT10_TOTAL_WORK_US	277885
LIST_EXNEXT_1000_ENTRIES_REPEAT10_TOTAL_VOLUME_FLUSH_US	0
LIST_EXNEXT_1000_ENTRIES_REPEAT10_TOTAL_HAS_VOLUME_FLUSH	0
LIST_EXNEXT_1000_ENTRIES_REPEAT10_TOTAL_GUEST_OPEN_CALLS	0
LIST_EXNEXT_1000_ENTRIES_REPEAT10_TOTAL_GUEST_OPEN_US	0
LIST_EXNEXT_1000_ENTRIES_REPEAT10_TOTAL_GUEST_READ_CALLS	0
LIST_EXNEXT_1000_ENTRIES_REPEAT10_TOTAL_GUEST_READ_US	0
LIST_EXNEXT_1000_ENTRIES_REPEAT10_TOTAL_GUEST_WRITE_CALLS	0
LIST_EXNEXT_1000_ENTRIES_REPEAT10_TOTAL_GUEST_WRITE_US	0
LIST_EXNEXT_1000_ENTRIES_REPEAT10_TOTAL_GUEST_HANDLE_FLUSH_CALLS	0
LIST_EXNEXT_1000_ENTRIES_REPEAT10_TOTAL_GUEST_HANDLE_FLUSH_US	0
LIST_EXNEXT_1000_ENTRIES_REPEAT10_TOTAL_GUEST_CLOSE_CALLS	0
LIST_EXNEXT_1000_ENTRIES_REPEAT10_TOTAL_GUEST_CLOSE_US	0
LIST_EXNEXT_1000_ENTRIES_REPEAT10_TOTAL_GUEST_VERIFY_CALLS	0
LIST_EXNEXT_1000_ENTRIES_REPEAT10_TOTAL_GUEST_VERIFY_US	0
LIST_EXALL_1000_ENTRIES_FIRST_PASS_US	7104
LIST_EXALL_1000_ENTRIES_FIRST_PASS_WORK_US	7104
LIST_EXALL_1000_ENTRIES_FIRST_PASS_VOLUME_FLUSH_US	0
LIST_EXALL_1000_ENTRIES_FIRST_PASS_HAS_VOLUME_FLUSH	0
LIST_EXALL_1000_ENTRIES_FIRST_PASS_GUEST_OPEN_CALLS	0
LIST_EXALL_1000_ENTRIES_FIRST_PASS_GUEST_OPEN_US	0
LIST_EXALL_1000_ENTRIES_FIRST_PASS_GUEST_READ_CALLS	0
LIST_EXALL_1000_ENTRIES_FIRST_PASS_GUEST_READ_US	0
LIST_EXALL_1000_ENTRIES_FIRST_PASS_GUEST_WRITE_CALLS	0
LIST_EXALL_1000_ENTRIES_FIRST_PASS_GUEST_WRITE_US	0
LIST_EXALL_1000_ENTRIES_FIRST_PASS_GUEST_HANDLE_FLUSH_CALLS	0
LIST_EXALL_1000_ENTRIES_FIRST_PASS_GUEST_HANDLE_FLUSH_US	0
LIST_EXALL_1000_ENTRIES_FIRST_PASS_GUEST_CLOSE_CALLS	0
LIST_EXALL_1000_ENTRIES_FIRST_PASS_GUEST_CLOSE_US	0
LIST_EXALL_1000_ENTRIES_FIRST_PASS_GUEST_VERIFY_CALLS	0
LIST_EXALL_1000_ENTRIES_FIRST_PASS_GUEST_VERIFY_US	0
LIST_EXALL_1000_ENTRIES_REPEAT10_TOTAL_US	50176
LIST_EXALL_1000_ENTRIES_REPEAT10_TOTAL_WORK_US	50176
LIST_EXALL_1000_ENTRIES_REPEAT10_TOTAL_VOLUME_FLUSH_US	0
LIST_EXALL_1000_ENTRIES_REPEAT10_TOTAL_HAS_VOLUME_FLUSH	0
LIST_EXALL_1000_ENTRIES_REPEAT10_TOTAL_GUEST_OPEN_CALLS	0
LIST_EXALL_1000_ENTRIES_REPEAT10_TOTAL_GUEST_OPEN_US	0
LIST_EXALL_1000_ENTRIES_REPEAT10_TOTAL_GUEST_READ_CALLS	0
LIST_EXALL_1000_ENTRIES_REPEAT10_TOTAL_GUEST_READ_US	0
LIST_EXALL_1000_ENTRIES_REPEAT10_TOTAL_GUEST_WRITE_CALLS	0
LIST_EXALL_1000_ENTRIES_REPEAT10_TOTAL_GUEST_WRITE_US	0
LIST_EXALL_1000_ENTRIES_REPEAT10_TOTAL_GUEST_HANDLE_FLUSH_CALLS	0
LIST_EXALL_1000_ENTRIES_REPEAT10_TOTAL_GUEST_HANDLE_FLUSH_US	0
LIST_EXALL_1000_ENTRIES_REPEAT10_TOTAL_GUEST_CLOSE_CALLS	0
LIST_EXALL_1000_ENTRIES_REPEAT10_TOTAL_GUEST_CLOSE_US	0
LIST_EXALL_1000_ENTRIES_REPEAT10_TOTAL_GUEST_VERIFY_CALLS	0
LIST_EXALL_1000_ENTRIES_REPEAT10_TOTAL_GUEST_VERIFY_US	0
PROBE_VERSION	0
CLOCK_HZ	0
CRC_SAMPLE_STRIDE	0
CPU_SAMPLE_STRIDE	0
PASS	1
